date,sp500_commercial_long,sp500_commercial_short,sp500_commercial_net,sp500_noncommercial_long,sp500_noncommercial_short,sp500_noncommercial_net,vix_commercial_net,vix_noncommercial_net,treasury10y_commercial_net,treasury10y_noncommercial_net,sp500_noncommercial_long,sp500_noncommercial_short,sp500_noncommercial_net
2006-01-03,542526.0,670911.0,-128385.0,202214.0,281600.0,-79386.0,-2247.0,930.0,92058.0,-21949.0,,,
2006-01-10,612184.0,690162.0,-77978.0,191126.0,318972.0,-127846.0,-2042.0,695.0,87558.0,-15783.0,,,
2006-01-17,588733.0,691867.0,-103134.0,184738.0,325812.0,-141074.0,-1018.0,-198.0,81831.0,-17792.0,,,
2006-01-24,599666.0,675465.0,-75799.0,198593.0,355078.0,-156485.0,-1070.0,-269.0,81154.0,-33634.0,,,
2006-01-31,604909.0,734487.0,-129578.0,237561.0,361937.0,-124376.0,-2678.0,-636.0,170311.0,-50011.0,,,
2006-02-07,578985.0,621129.0,-42144.0,239465.0,434355.0,-194890.0,401.0,-1519.0,198095.0,-44771.0,,,
2006-02-14,580388.0,619559.0,-39171.0,224169.0,413121.0,-188952.0,1335.0,-2209.0,192390.0,-25323.0,,,
2006-02-21,607443.0,642372.0,-34929.0,222747.0,431755.0,-209008.0,2292.0,-3110.0,173123.0,-13646.0,,,
2006-02-28,637835.0,643158.0,-5323.0,252103.0,434187.0,-182084.0,2041.0,-2971.0,135269.0,915.0,,,
2006-03-07,767000.0,787228.0,-20228.0,247771.0,397818.0,-150047.0,-438.0,-2661.0,198337.0,-53186.0,,,
2006-03-14,1020940.0,1022051.0,-1111.0,257022.0,388229.0,-131207.0,2072.0,-2610.0,139876.0,-33102.0,,,
2006-03-21,537607.0,756134.0,-218527.0,219294.0,282984.0,-63690.0,314.0,-3114.0,121937.0,-12726.0,,,
2006-03-28,559933.0,699649.0,-139716.0,162646.0,301486.0,-138840.0,2634.0,-3252.0,136407.0,-9535.0,,,
2006-04-04,622999.0,705464.0,-82465.0,202834.0,315377.0,-112543.0,3163.0,-3625.0,156947.0,-24510.0,,,
2006-04-11,713454.0,667279.0,46175.0,173993.0,372905.0,-198912.0,1708.0,-2019.0,129477.0,-4240.0,,,
2006-04-18,696504.0,680509.0,15995.0,189188.0,378535.0,-189347.0,274.0,-510.0,97547.0,5696.0,,,
2006-04-25,769143.0,689209.0,79934.0,198252.0,438196.0,-239944.0,367.0,-516.0,127003.0,8012.0,,,
2006-05-02,800917.0,735852.0,65065.0,213579.0,425888.0,-212309.0,181.0,-228.0,121908.0,7238.0,,,
2006-05-09,806744.0,789049.0,17695.0,247863.0,432321.0,-184458.0,1135.0,-1034.0,137499.0,-30612.0,,,
2006-05-16,853835.0,789452.0,64383.0,207357.0,423150.0,-215793.0,2250.0,-2061.0,89212.0,-1488.0,,,
2006-05-23,974775.0,854980.0,119795.0,196500.0,453312.0,-256812.0,1176.0,-646.0,93147.0,539.0,,,
2006-05-30,1012748.0,888429.0,124319.0,217857.0,438229.0,-220372.0,,,127826.0,-28857.0,,,
2006-06-06,1099351.0,910826.0,188525.0,229749.0,479507.0,-249758.0,,,89236.0,-13552.0,,,
2006-06-13,1102367.0,1260610.0,-158243.0,235392.0,470466.0,-235074.0,,,62058.0,-2932.0,,,
2006-06-20,675620.0,757400.0,-81780.0,192329.0,380103.0,-187774.0,,,101350.0,4548.0,,,
2006-06-27,685878.0,752631.0,-66753.0,208915.0,388717.0,-179802.0,,,91452.0,26302.0,,,
2006-07-03,712009.0,876858.0,-164849.0,226286.0,304824.0,-78538.0,,,80369.0,33413.0,,,
2006-07-11,747431.0,863466.0,-116035.0,207068.0,324822.0,-117754.0,,,76186.0,34307.0,,,
2006-07-18,836206.0,861717.0,-25511.0,189559.0,393530.0,-203971.0,,,104526.0,-2486.0,,,
2006-07-25,828688.0,873544.0,-44856.0,192380.0,353505.0,-161125.0,,,43952.0,20762.0,,,
2006-08-01,869369.0,868575.0,794.0,168150.0,362796.0,-194646.0,,,16405.0,17694.0,,,
2006-08-08,899799.0,917394.0,-17595.0,194010.0,394246.0,-200236.0,,,78688.0,-53150.0,,,
2006-08-15,856923.0,951756.0,-94833.0,230513.0,400259.0,-169746.0,,,82996.0,-81542.0,,,
2006-08-22,880108.0,965288.0,-85180.0,232641.0,424305.0,-191664.0,,,13198.0,-7268.0,,,
2006-08-29,855679.0,1002656.0,-146977.0,250158.0,400641.0,-150483.0,2979.0,-7064.0,-2228.0,21478.0,,,
2006-09-05,914620.0,1011490.0,-96870.0,282833.0,492001.0,-209168.0,1807.0,-6349.0,11805.0,5016.0,,,
2006-09-12,1225325.0,1301993.0,-76668.0,262291.0,468912.0,-206621.0,2458.0,-6027.0,-21517.0,39394.0,,,
2006-09-19,696883.0,860545.0,-163662.0,206163.0,279636.0,-73473.0,2094.0,-6015.0,6166.0,1459.0,,,
2006-09-26,729243.0,920376.0,-191133.0,276678.0,343784.0,-67106.0,2656.0,-6503.0,-60781.0,42611.0,,,
2006-10-03,723022.0,969998.0,-246976.0,306657.0,330398.0,-23741.0,2562.0,-6217.0,-66899.0,38944.0,,,
2006-10-10,736865.0,992695.0,-255830.0,297772.0,341739.0,-43967.0,1738.0,-6300.0,-30175.0,41233.0,,,
2006-10-17,763390.0,1071043.0,-307653.0,353595.0,327439.0,26156.0,1566.0,-6492.0,-8853.0,8589.0,,,
2006-10-24,768175.0,1087825.0,-319650.0,387262.0,344273.0,42989.0,1998.0,-6226.0,42715.0,-10752.0,,,
2006-10-31,795221.0,1171489.0,-376268.0,420368.0,323552.0,96816.0,237.0,-4426.0,24648.0,5397.0,,,
2006-11-07,805968.0,1192325.0,-386357.0,424597.0,340753.0,83844.0,-2477.0,-4382.0,50915.0,-44914.0,,,
2006-11-14,811861.0,1223300.0,-411439.0,457652.0,356472.0,101180.0,-1455.0,-3630.0,16074.0,-21326.0,,,
2006-11-21,872212.0,1268172.0,-395960.0,453399.0,341088.0,112311.0,4355.0,-7363.0,52082.0,-41364.0,,,
2006-11-28,918064.0,1273707.0,-355643.0,459413.0,342765.0,116648.0,3311.0,-7337.0,22449.0,-42595.0,,,
2006-12-05,1040194.0,1370522.0,-330328.0,479055.0,393720.0,85335.0,2895.0,-7864.0,-40781.0,5031.0,,,
2006-12-12,1238051.0,1640685.0,-402634.0,511473.0,408126.0,103347.0,1439.0,-6949.0,55776.0,-79767.0,,,
2006-12-19,843901.0,1113251.0,-269350.0,348753.0,237951.0,110802.0,3683.0,-7700.0,75809.0,-67716.0,,,
2006-12-26,861400.0,1134015.0,-272615.0,298877.0,216573.0,82304.0,,,73502.0,-61995.0,,,
2007-01-03,847013.0,1137514.0,-290501.0,312818.0,221793.0,91025.0,2699.0,-7495.0,76842.0,-56957.0,,,
2007-01-09,909919.0,1183521.0,-273602.0,330127.0,232355.0,97772.0,1901.0,-6537.0,78688.0,-24701.0,,,
2007-01-16,895011.0,1238906.0,-343895.0,373591.0,232598.0,140993.0,806.0,-5398.0,94266.0,-13648.0,,,
2007-01-23,941573.0,1224841.0,-283268.0,356626.0,282212.0,74414.0,1612.0,-5138.0,105699.0,-40227.0,,,
2007-01-30,968185.0,1215319.0,-247134.0,350983.0,310695.0,40288.0,3161.0,-4835.0,73697.0,21852.0,,,
2007-02-06,1013435.0,1239264.0,-225829.0,396781.0,333617.0,63164.0,701.0,-4135.0,113927.0,-42588.0,,,
2007-02-13,1021255.0,1282488.0,-261233.0,405234.0,347024.0,58210.0,-697.0,-2308.0,161461.0,-76161.0,,,
2007-02-20,1065108.0,1301024.0,-235916.0,421264.0,411111.0,10153.0,1080.0,-3687.0,115311.0,-66125.0,,,
2007-02-27,1142336.0,1338339.0,-196003.0,420637.0,449696.0,-29059.0,132.0,-3058.0,69829.0,-31928.0,,,
2007-03-06,1366754.0,1399204.0,-32450.0,341698.0,465385.0,-123687.0,-2366.0,90.0,7173.0,-31072.0,,,
2007-03-13,1804661.0,1715825.0,88836.0,383393.0,586524.0,-203131.0,-3350.0,1087.0,92546.0,-112423.0,,,
2007-03-20,967415.0,986046.0,-18631.0,279486.0,528759.0,-249273.0,-2073.0,-278.0,148755.0,-165232.0,,,
2007-03-27,961051.0,985769.0,-24718.0,293299.0,585715.0,-292416.0,801.0,-3087.0,166056.0,-191441.0,,,
2007-04-03,1049992.0,1046385.0,3607.0,299690.0,646898.0,-347208.0,603.0,-3575.0,157918.0,-161006.0,,,
2007-04-10,1079771.0,1083339.0,-3568.0,301481.0,626479.0,-324998.0,1779.0,-4540.0,185433.0,-151534.0,,,
2007-04-17,1159689.0,1100738.0,58951.0,301911.0,633203.0,-331292.0,2141.0,-4986.0,153141.0,-140443.0,,,
2007-04-24,1198107.0,1195470.0,2637.0,360840.0,648115.0,-287275.0,1896.0,-5286.0,132744.0,-150553.0,,,
2007-05-01,1131967.0,1232396.0,-100429.0,376405.0,560286.0,-183881.0,1296.0,-5141.0,101266.0,-104961.0,,,
2007-05-08,1104011.0,1238888.0,-134877.0,407570.0,592589.0,-185019.0,264.0,-3939.0,67842.0,-70277.0,,,
2007-05-15,1070133.0,1212170.0,-142037.0,425206.0,599999.0,-174793.0,-621.0,-3108.0,116434.0,-107928.0,,,
2007-05-22,1220725.0,1276491.0,-55766.0,454487.0,688565.0,-234078.0,842.0,-4957.0,149458.0,-115907.0,,,
2007-05-29,1261355.0,1274979.0,-13624.0,455830.0,721765.0,-265935.0,729.0,-4434.0,181188.0,-135768.0,,,
2007-06-05,1478461.0,1436618.0,41843.0,494616.0,759244.0,-264628.0,794.0,-4067.0,212559.0,-139814.0,,,
2007-06-12,1839955.0,1719044.0,120911.0,478837.0,745970.0,-267133.0,608.0,-4120.0,207413.0,-147364.0,,,
2007-06-19,962283.0,988070.0,-25787.0,388811.0,431915.0,-43104.0,1800.0,-4517.0,221914.0,-156759.0,,,
2007-06-26,967142.0,980706.0,-13564.0,390155.0,475032.0,-84877.0,-936.0,-2402.0,177615.0,-112089.0,,,
2007-07-03,1041395.0,943840.0,97555.0,358140.0,502690.0,-144550.0,1003.0,-3454.0,107000.0,-45941.0,,,
2007-07-10,1128674.0,941072.0,187602.0,350879.0,544207.0,-193328.0,1050.0,-3601.0,64549.0,-25666.0,,,
2007-07-17,1119815.0,929143.0,190672.0,355023.0,591822.0,-236799.0,2016.0,-3566.0,49894.0,-21770.0,,,
2007-07-24,1225428.0,940886.0,284542.0,342610.0,640676.0,-298066.0,27.0,-1615.0,25202.0,-8065.0,,,
2007-07-31,1391592.0,1109737.0,281855.0,347867.0,685643.0,-337776.0,3226.0,-3583.0,11190.0,29838.0,,,
2007-08-07,1466944.0,1137665.0,329279.0,341914.0,687186.0,-345272.0,9264.0,-7561.0,56832.0,-38774.0,,,
2007-08-14,1527630.0,1202460.0,325170.0,370333.0,700528.0,-330195.0,12682.0,-10243.0,20444.0,-35362.0,,,
2007-08-21,1516906.0,1171344.0,345562.0,329207.0,707288.0,-378081.0,9027.0,-7770.0,-3975.0,-25349.0,,,
2007-08-28,1500344.0,1172578.0,327766.0,332784.0,697934.0,-365150.0,3318.0,-4247.0,-8586.0,-4331.0,,,
2007-09-04,1560435.0,1171090.0,389345.0,302875.0,670612.0,-367737.0,2327.0,-2512.0,-9418.0,8539.0,,,
2007-09-11,1688139.0,1204596.0,483543.0,294860.0,703513.0,-408653.0,1211.0,-1162.0,-56701.0,11512.0,,,
2007-09-18,1951008.0,1445312.0,505696.0,297650.0,693183.0,-395533.0,879.0,-661.0,-122715.0,77346.0,,,
2007-09-25,1042007.0,1130859.0,-88852.0,292818.0,444251.0,-151433.0,-2923.0,1199.0,-143505.0,114700.0,,,
2007-10-02,1122604.0,1189477.0,-66873.0,308356.0,509548.0,-201192.0,-4841.0,1323.0,-234674.0,191423.0,,,
2007-10-09,1177027.0,1232808.0,-55781.0,326945.0,542172.0,-215227.0,-6554.0,3256.0,-195597.0,169430.0,,,
2007-10-16,1206237.0,1302813.0,-96576.0,328769.0,517493.0,-188724.0,-4940.0,2487.0,-209396.0,201279.0,,,
2007-10-23,1203669.0,1248622.0,-44953.0,307450.0,528662.0,-221212.0,-3313.0,-491.0,-162855.0,136469.0,,,
2007-10-30,1208617.0,1299491.0,-90874.0,325433.0,544199.0,-218766.0,-4304.0,600.0,-98217.0,76034.0,,,
2007-11-06,1246109.0,1248113.0,-2004.0,291436.0,568503.0,-277067.0,119.0,-3050.0,3565.0,-9422.0,,,
2007-11-13,1261565.0,1262128.0,-563.0,278957.0,531332.0,-252375.0,4177.0,-4490.0,66158.0,-54855.0,,,
2007-11-20,1331064.0,1372360.0,-41296.0,302744.0,528415.0,-225671.0,4051.0,-4524.0,-33263.0,48650.0,,,
2007-11-27,1320719.0,1387347.0,-66628.0,314271.0,504882.0,-190611.0,3894.0,-4594.0,-68425.0,71080.0,,,
2007-12-04,1333808.0,1384258.0,-50450.0,263575.0,541885.0,-278310.0,12603.0,-14081.0,29974.0,-32444.0,,,
2007-12-11,1431634.0,1506785.0,-75151.0,286660.0,570485.0,-283825.0,10413.0,-12048.0,57489.0,-84616.0,,,
2007-12-18,1774557.0,1828556.0,-53999.0,352902.0,523363.0,-170461.0,12807.0,-14338.0,101362.0,-124067.0,,,
2007-12-24,1151766.0,1162913.0,-11147.0,324073.0,408214.0,-84141.0,,,75326.0,-75362.0,,,
2007-12-31,1148073.0,1138078.0,9995.0,354831.0,431536.0,-76705.0,,,93421.0,-101612.0,,,
2008-01-08,1254672.0,1240588.0,14084.0,415437.0,533566.0,-118129.0,11781.0,-12378.0,100819.0,-122412.0,,,
2008-01-15,1334021.0,1397243.0,-63222.0,434100.0,521069.0,-86969.0,14535.0,-15857.0,159030.0,-201235.0,,,
2008-01-22,1473127.0,1661300.0,-188173.0,522510.0,483069.0,39441.0,16652.0,-16798.0,242680.0,-243093.0,,,
2008-01-29,1528048.0,1543320.0,-15272.0,464934.0,554033.0,-89099.0,17125.0,-17149.0,138773.0,-157861.0,,,
2008-02-05,1548318.0,1577047.0,-28729.0,507868.0,601538.0,-93670.0,18287.0,-18232.0,65173.0,-95930.0,,,
2008-02-12,1498341.0,1554228.0,-55887.0,474714.0,609852.0,-135138.0,19829.0,-19325.0,57356.0,-77362.0,,,
2008-02-19,1521922.0,1500246.0,21676.0,449747.0,660020.0,-210273.0,19816.0,-20626.0,-10196.0,18827.0,,,
2008-02-26,1514112.0,1517878.0,-3766.0,450532.0,642564.0,-192032.0,15561.0,-18080.0,-133312.0,127148.0,,,
2008-03-04,1596552.0,1473590.0,122962.0,429137.0,664022.0,-234885.0,15455.0,-18098.0,-21950.0,31585.0,,,
2008-03-11,1700915.0,1516273.0,184642.0,407935.0,686814.0,-278879.0,16002.0,-17745.0,-156992.0,134794.0,,,
2008-03-18,1958096.0,1783639.0,174457.0,469012.0,686798.0,-217786.0,15626.0,-16941.0,-316775.0,309377.0,,,
2008-03-25,1335954.0,1299967.0,35987.0,296219.0,526122.0,-229903.0,14834.0,-18038.0,-308422.0,321096.0,,,
2008-04-01,1388117.0,1343991.0,44126.0,297212.0,535946.0,-238734.0,14493.0,-18892.0,-271696.0,291254.0,,,
2008-04-08,1383554.0,1344858.0,38696.0,300138.0,522129.0,-221991.0,8249.0,-14087.0,-319126.0,334487.0,,,
2008-04-15,1280316.0,1277833.0,2483.0,332966.0,519647.0,-186681.0,8542.0,-14959.0,-280313.0,295382.0,,,
2008-04-22,1282546.0,1284976.0,-2430.0,335252.0,519101.0,-183849.0,9138.0,-15375.0,-356720.0,375154.0,,,
2008-04-29,1315316.0,1300269.0,15047.0,321853.0,535114.0,-213261.0,8001.0,-14274.0,-411594.0,393562.0,,,
2008-05-06,1317522.0,1310749.0,6773.0,374189.0,537225.0,-163036.0,5729.0,-16774.0,-349402.0,402448.0,,,
2008-05-13,1383209.0,1322169.0,61040.0,364919.0,569583.0,-204664.0,2462.0,-11029.0,-322052.0,371897.0,,,
2008-05-20,1412445.0,1338440.0,74005.0,391253.0,616037.0,-224784.0,-565.0,-8905.0,-347587.0,385194.0,,,
2008-05-27,1450053.0,1404764.0,45289.0,425620.0,639482.0,-213862.0,2095.0,-8961.0,-292924.0,360602.0,,,
2008-06-03,1507896.0,1453490.0,54406.0,451378.0,621535.0,-170157.0,628.0,-8150.0,-242955.0,312679.0,,,
2008-06-10,1608307.0,1500505.0,107802.0,478175.0,662406.0,-184231.0,1025.0,-6885.0,-216961.0,284109.0,,,
2008-06-17,1752684.0,1713496.0,39188.0,483418.0,634446.0,-151028.0,1088.0,-4986.0,-233537.0,305594.0,,,
2008-06-24,1283486.0,1147122.0,136364.0,270626.0,519604.0,-248978.0,4738.0,-7744.0,-249840.0,310003.0,,,
2008-07-01,1375772.0,1249343.0,126429.0,324205.0,596685.0,-272480.0,1846.0,-5216.0,-251269.0,278976.0,,,
2008-07-08,1466342.0,1418769.0,47573.0,353265.0,646519.0,-293254.0,1207.0,-4153.0,-217868.0,258515.0,,,
2008-07-15,1541883.0,1650049.0,-108166.0,432921.0,626986.0,-194065.0,-110.0,-1212.0,-177656.0,181909.0,,,
2008-07-22,1444497.0,1515496.0,-70999.0,441917.0,664265.0,-222348.0,1753.0,-3469.0,-103251.0,127859.0,,,
2008-07-29,1471447.0,1589771.0,-118324.0,470543.0,643569.0,-173026.0,95.0,-3073.0,-137728.0,137219.0,,,
2008-08-05,1485386.0,1589598.0,-104212.0,481194.0,641628.0,-160434.0,-1411.0,-2449.0,-188311.0,193768.0,,,
2008-08-12,1454010.0,1569270.0,-115260.0,467345.0,619438.0,-152093.0,-4770.0,523.0,-258599.0,232762.0,,,
2008-08-19,1476200.0,1559614.0,-83414.0,478913.0,648547.0,-169634.0,-4928.0,-5381.0,-259967.0,230020.0,,,
2008-08-26,1500199.0,1534204.0,-34005.0,439539.0,637193.0,-197654.0,-1004.0,-3305.0,-283751.0,266625.0,,,
2008-09-02,1507299.0,1541722.0,-34423.0,443143.0,644189.0,-201046.0,-1767.0,-3065.0,-256857.0,250310.0,,,
2008-09-09,1581049.0,1637626.0,-56577.0,495857.0,662056.0,-166199.0,-4828.0,480.0,-227424.0,201316.0,,,
2008-09-16,2035538.0,2158026.0,-122488.0,575434.0,661459.0,-86025.0,-3280.0,2905.0,-231381.0,231926.0,,,
2008-09-23,1436624.0,1406629.0,29995.0,344298.0,507101.0,-162803.0,3516.0,-4350.0,-268773.0,288908.0,,,
2008-09-30,1580958.0,1639750.0,-58792.0,370547.0,526524.0,-155977.0,16153.0,-12265.0,-261424.0,297885.0,,,
2008-10-07,1728912.0,2028130.0,-299218.0,494983.0,599213.0,-104230.0,18382.0,-13849.0,-257393.0,265455.0,,,
2008-10-14,1843847.0,2084624.0,-240777.0,549198.0,715689.0,-166491.0,19464.0,-13360.0,-267176.0,289705.0,,,
2008-10-21,1860705.0,2138695.0,-277990.0,477816.0,617638.0,-139822.0,25187.0,-19523.0,-263737.0,281486.0,,,
2008-10-28,1954977.0,2241847.0,-286870.0,441298.0,502415.0,-61117.0,26138.0,-22924.0,-252393.0,272641.0,,,
2008-11-04,1921798.0,2229609.0,-307811.0,455053.0,391231.0,63822.0,27025.0,-24408.0,-196428.0,233126.0,,,
2008-11-11,2050819.0,2430828.0,-380009.0,501669.0,361102.0,140567.0,28801.0,-26993.0,-206835.0,239270.0,,,
2008-11-18,2211492.0,2553703.0,-342211.0,483798.0,358647.0,125151.0,31814.0,-29262.0,-146827.0,170515.0,,,
2008-11-25,2360951.0,2615893.0,-254942.0,501849.0,396872.0,104977.0,,,-127937.0,120459.0,,,
2008-12-02,2358098.0,2646879.0,-288781.0,527800.0,371238.0,156562.0,,,-68879.0,95526.0,,,
2008-12-09,2413172.0,2595439.0,-182267.0,479154.0,326067.0,153087.0,,,-65608.0,77928.0,,,
2008-12-16,2927443.0,3130478.0,-203035.0,579394.0,315518.0,263876.0,1767.0,-8508.0,-12323.0,16220.0,,,
2008-12-22,1567113.0,1878419.0,-311306.0,459826.0,225195.0,234631.0,,,-5387.0,15489.0,,,
2008-12-30,1591660.0,1942299.0,-350639.0,460552.0,217238.0,243314.0,,,-25981.0,17076.0,,,
2009-01-06,1693048.0,1991533.0,-298485.0,456394.0,251627.0,204767.0,,,28665.0,-28743.0,,,
2009-01-13,1712586.0,1997467.0,-284881.0,513272.0,242676.0,270596.0,,,53832.0,-50121.0,,,
2009-01-20,1773112.0,1990522.0,-217410.0,572592.0,308676.0,263916.0,,,55427.0,-62412.0,,,
2009-01-27,1827761.0,2067350.0,-239589.0,579249.0,277973.0,301276.0,,,56084.0,-55538.0,,,
2009-02-03,1846705.0,2037363.0,-190658.0,604405.0,292326.0,312079.0,,,67601.0,-18493.0,,,
2009-02-10,1926186.0,2084584.0,-158398.0,609450.0,322209.0,287241.0,,,31183.0,-20661.0,,,
2009-02-17,2103968.0,2200480.0,-96512.0,665581.0,347783.0,317798.0,,,24788.0,-13061.0,,,
2009-02-24,2128212.0,2292435.0,-164223.0,669949.0,309366.0,360583.0,,,28213.0,404.0,,,
2009-03-03,2311415.0,2452116.0,-140701.0,721734.0,326304.0,395430.0,,,-24786.0,23560.0,,,
2009-03-10,2546348.0,2544890.0,1458.0,730733.0,397462.0,333271.0,,,-47734.0,40346.0,,,
2009-03-17,2865311.0,2864422.0,889.0,769235.0,502897.0,266338.0,,,-21182.0,20828.0,,,
2009-03-24,1783084.0,1816605.0,-33521.0,469144.0,394615.0,74529.0,,,-38445.0,16046.0,,,
2009-03-31,1742770.0,1790027.0,-47257.0,496882.0,367228.0,129654.0,,,-11079.0,-7206.0,,,
2009-04-07,1765887.0,1810544.0,-44657.0,469938.0,372419.0,97519.0,,,-7861.0,5713.0,,,
2009-04-14,1791177.0,1800938.0,-9761.0,483156.0,395189.0,87967.0,,,-25520.0,4149.0,,,
2009-04-21,1810021.0,1833895.0,-23874.0,500761.0,367220.0,133541.0,,,11359.0,10583.0,,,
2009-04-28,1895161.0,1895899.0,-738.0,529769.0,392206.0,137563.0,,,8550.0,189.0,,,
2009-05-05,1926071.0,1884754.0,41317.0,501822.0,449763.0,52059.0,,,-13661.0,33777.0,,,
2009-05-12,1911069.0,1864149.0,46920.0,517888.0,478817.0,39071.0,,,-4959.0,23683.0,,,
2009-05-19,1943126.0,1936037.0,7089.0,547574.0,457218.0,90356.0,,,28476.0,10181.0,,,
2009-05-26,1933791.0,1963114.0,-29323.0,568611.0,426621.0,141990.0,,,81139.0,85.0,,,
2009-06-02,1991860.0,1975637.0,16223.0,553101.0,419809.0,133292.0,-6918.0,3073.0,71495.0,-952.0,,,
2009-06-09,2025938.0,2019729.0,6209.0,548657.0,422928.0,125729.0,-9408.0,6569.0,46734.0,8568.0,,,
2009-06-16,2405142.0,2472334.0,-67192.0,567457.0,388350.0,179107.0,-9774.0,5248.0,51632.0,-13654.0,,,
2009-06-23,1643915.0,1733019.0,-89104.0,472126.0,285662.0,186464.0,,,66439.0,-37776.0,,,
2009-06-30,1707281.0,1709808.0,-2527.0,459027.0,306381.0,152646.0,-10825.0,6101.0,44943.0,-38849.0,,,
2009-07-07,1751825.0,1737905.0,13920.0,475003.0,373519.0,101484.0,-9574.0,5659.0,32191.0,-31930.0,,,
2009-07-14,1759026.0,1715690.0,43336.0,470513.0,366019.0,104494.0,-11295.0,6776.0,-26428.0,13930.0,,,
2009-07-21,1765122.0,1716522.0,48600.0,465673.0,393622.0,72051.0,-8686.0,3854.0,-38699.0,31956.0,,,
2009-07-28,1818087.0,1853702.0,-35615.0,481928.0,378794.0,103134.0,-5252.0,1797.0,-22720.0,40395.0,,,
2009-08-04,1883571.0,1869591.0,13980.0,466986.0,400655.0,66331.0,-5574.0,2122.0,38781.0,-11409.0,,,
2009-08-11,1859559.0,1941977.0,-82418.0,486943.0,384176.0,102767.0,-4978.0,1510.0,8866.0,17121.0,,,
2009-08-18,1879169.0,1990944.0,-111775.0,513300.0,395931.0,117369.0,-3351.0,666.0,-22400.0,34902.0,,,
2009-08-25,1956898.0,2029213.0,-72315.0,436934.0,404771.0,32163.0,-2054.0,-1520.0,-29110.0,26600.0,,,
2009-09-01,1964241.0,2045280.0,-81039.0,458156.0,358009.0,100147.0,-109.0,-2619.0,-7078.0,-2144.0,,,
2009-09-08,1999185.0,2036827.0,-37642.0,456292.0,376261.0,80031.0,466.0,-3740.0,-39371.0,1504.0,,,
2009-09-15,2298904.0,2338685.0,-39781.0,494556.0,387914.0,106642.0,5861.0,-8520.0,-21206.0,-12369.0,,,
2009-09-22,1670317.0,1732646.0,-62329.0,420038.0,306277.0,113761.0,8223.0,-10682.0,-17623.0,7676.0,,,
2009-09-29,1703052.0,1779922.0,-76870.0,439866.0,290356.0,149510.0,10129.0,-11133.0,-27385.0,21589.0,,,
2009-10-06,1673668.0,1689030.0,-15362.0,462070.0,299497.0,162573.0,13457.0,-15385.0,-50866.0,31007.0,,,
2009-10-13,1682604.0,1700133.0,-17529.0,448687.0,296948.0,151739.0,17811.0,-21813.0,-43435.0,37468.0,,,
2009-10-20,1759016.0,1718612.0,40404.0,436555.0,359342.0,77213.0,17201.0,-22800.0,-24776.0,40802.0,,,
2009-10-27,1798948.0,1792438.0,6510.0,460894.0,336658.0,124236.0,11203.0,-14087.0,7912.0,23770.0,,,
2009-11-03,1839694.0,1876744.0,-37050.0,487310.0,278862.0,208448.0,18326.0,-18719.0,-15477.0,28831.0,,,
2009-11-09,1889569.0,1823572.0,65997.0,475362.0,342296.0,133066.0,17799.0,-18401.0,-43115.0,54888.0,,,
2009-11-17,1890184.0,1907422.0,-17238.0,467806.0,299995.0,167811.0,15349.0,-15445.0,-75795.0,89280.0,,,
2009-11-24,1965106.0,1922108.0,42998.0,470389.0,299610.0,170779.0,12430.0,-13075.0,-46300.0,58752.0,,,
2009-12-01,1974148.0,1921550.0,52598.0,473537.0,312050.0,161487.0,14572.0,-14454.0,-12435.0,24147.0,,,
2009-12-08,2062054.0,1928626.0,133428.0,454000.0,311602.0,142398.0,18646.0,-18872.0,-34553.0,38126.0,,,
2009-12-15,2541970.0,2461235.0,80735.0,532436.0,331721.0,200715.0,17007.0,-18918.0,-30966.0,37461.0,,,
2009-12-22,1801931.0,1822904.0,-20973.0,377440.0,304897.0,72543.0,6163.0,-8924.0,-30760.0,59402.0,,,
2009-12-29,1831543.0,1839230.0,-7687.0,376329.0,315818.0,60511.0,5571.0,-8576.0,22058.0,30240.0,,,
2010-07-20,1405126.0,619132.0,785994.0,,,,-1793.0,-30691.0,552223.0,-305867.0,402716.0,891084.0,-488368.0
2010-07-27,1385586.0,605119.0,780467.0,,,,200.0,-27903.0,527400.0,-267407.0,372016.0,861874.0,-489858.0
2010-08-03,1353761.0,583107.0,770654.0,,,,916.0,-31085.0,610793.0,-350729.0,349906.0,838576.0,-488670.0
2010-08-10,1385859.0,578342.0,807517.0,,,,1008.0,-33035.0,570245.0,-383645.0,343479.0,818621.0,-475142.0
2010-08-17,1359950.0,650420.0,709530.0,,,,1008.0,-34739.0,585963.0,-386546.0,430577.0,832689.0,-402112.0
2010-08-24,1380690.0,709579.0,671111.0,,,,1006.0,-33115.0,552560.0,-354962.0,546967.0,926870.0,-379903.0
2010-08-31,1427932.0,726715.0,701217.0,,,,1357.0,-31568.0,394872.0,-239110.0,602807.0,966696.0,-363889.0
2010-09-07,1401137.0,679656.0,721481.0,,,,535.0,-33557.0,442247.0,-235449.0,528227.0,930182.0,-401955.0
2010-09-14,1427163.0,633850.0,793313.0,,,,649.0,-38302.0,366482.0,-194145.0,522512.0,942330.0,-419818.0
2010-09-21,1404749.0,548759.0,855990.0,,,,927.0,-37255.0,323960.0,-130407.0,277650.0,703528.0,-425878.0
2010-09-28,1400566.0,527851.0,872715.0,,,,296.0,-38034.0,433203.0,-193002.0,333423.0,741883.0,-408460.0
2010-10-05,1375415.0,529623.0,845792.0,,,,481.0,-36886.0,401336.0,-183143.0,364543.0,778520.0,-413977.0
2010-10-12,1400208.0,501362.0,898846.0,,,,-4.0,-43234.0,360567.0,-194587.0,364726.0,786896.0,-422170.0
2010-10-19,1413053.0,495082.0,917971.0,,,,-15.0,-38008.0,207603.0,-89053.0,375512.0,797217.0,-421705.0
2010-10-26,1410832.0,471358.0,939474.0,,,,-253.0,-30772.0,199315.0,-89761.0,423970.0,768377.0,-344407.0
2010-11-02,1376653.0,470076.0,906577.0,,,,1691.0,-31565.0,208309.0,-53285.0,464845.0,769856.0,-305011.0
2010-11-09,1410810.0,434397.0,976413.0,,,,1537.0,-30907.0,169132.0,-122577.0,468349.0,835094.0,-366745.0
2010-11-16,1399536.0,486128.0,913408.0,,,,3095.0,-31026.0,102178.0,-52937.0,455002.0,848365.0,-393363.0
2010-11-23,1413649.0,481576.0,932073.0,,,,402.0,-40033.0,96904.0,-4193.0,484838.0,875959.0,-391121.0
2010-11-30,1424205.0,500899.0,923306.0,,,,4269.0,-40867.0,136414.0,-76548.0,484593.0,817661.0,-333068.0
2010-12-07,1417364.0,440981.0,976383.0,,,,4762.0,-42791.0,99941.0,-13328.0,503360.0,888275.0,-384915.0
2010-12-14,1437981.0,432093.0,1005888.0,,,,6637.0,-38347.0,95636.0,-12194.0,524926.0,883041.0,-358115.0
2010-12-21,1349160.0,434975.0,914185.0,,,,4620.0,-37331.0,108815.0,-65091.0,326030.0,581587.0,-255557.0
2010-12-28,1376562.0,418507.0,958055.0,,,,-267.0,-34031.0,134665.0,-63133.0,319756.0,603469.0,-283713.0
2011-01-04,1341274.0,444062.0,897212.0,,,,1537.0,-36421.0,145249.0,-52400.0,328709.0,592851.0,-264142.0
2011-01-11,1317145.0,461428.0,855717.0,,,,2668.0,-35315.0,138107.0,-32130.0,386307.0,615858.0,-229551.0
2011-01-18,1335874.0,440665.0,895209.0,,,,1907.0,-37679.0,126664.0,-73775.0,367902.0,661737.0,-293835.0
2011-01-25,1384827.0,457426.0,927401.0,,,,2222.0,-26650.0,121812.0,-20289.0,391276.0,681706.0,-290430.0
2011-02-01,1361146.0,485819.0,875327.0,,,,806.0,-24670.0,122921.0,-62964.0,409398.0,699289.0,-289891.0
2011-02-08,1385743.0,452172.0,933571.0,,,,3955.0,-23097.0,40910.0,1444.0,442048.0,788594.0,-346546.0
2011-02-15,1387809.0,450887.0,936922.0,,,,4617.0,-21235.0,97079.0,-82519.0,464932.0,842054.0,-377122.0
2011-02-22,1390907.0,443105.0,947802.0,,,,3268.0,-19520.0,108004.0,-88946.0,514808.0,832450.0,-317642.0
2011-03-01,1363533.0,471263.0,892270.0,,,,3018.0,-15560.0,61418.0,3746.0,534497.0,869237.0,-334740.0
2011-03-08,1373260.0,464467.0,908793.0,,,,3366.0,-17665.0,8546.0,55475.0,592914.0,838414.0,-245500.0
2011-03-15,1396444.0,504793.0,891651.0,,,,1465.0,-18025.0,100524.0,-9876.0,770878.0,913694.0,-142816.0
2011-03-22,1357286.0,492440.0,864846.0,,,,7485.0,-7745.0,19268.0,70109.0,306327.0,813792.0,-507465.0
2011-03-29,1360516.0,454209.0,906307.0,,,,6852.0,-10011.0,5819.0,117502.0,340359.0,868258.0,-527899.0
2011-04-05,1314311.0,442812.0,871499.0,,,,7745.0,-14301.0,-2460.0,32882.0,346989.0,867298.0,-520309.0
2011-04-12,1318935.0,433398.0,885537.0,,,,8443.0,-16666.0,-13241.0,81908.0,344214.0,885228.0,-541014.0
2011-04-19,1353400.0,445132.0,908268.0,,,,8995.0,-18689.0,-32249.0,88954.0,355697.0,858574.0,-502877.0
2011-04-26,1365037.0,426113.0,938924.0,,,,8435.0,-25091.0,-17068.0,104725.0,344269.0,815222.0,-470953.0
2011-05-03,1342227.0,412968.0,929259.0,,,,8884.0,-28945.0,280.0,87502.0,427229.0,844930.0,-417701.0
2011-05-10,1367990.0,404182.0,963808.0,,,,11239.0,-26810.0,67026.0,42512.0,373383.0,810947.0,-437564.0
2011-05-17,1387004.0,434921.0,952083.0,,,,12088.0,-25213.0,153406.0,-61038.0,366512.0,804271.0,-437759.0
2011-05-24,1411195.0,445423.0,965772.0,,,,10780.0,-24598.0,51174.0,-5625.0,386110.0,813007.0,-426897.0
2011-05-31,1417836.0,427456.0,990380.0,,,,14416.0,-29123.0,113459.0,-44539.0,412056.0,858948.0,-446892.0
2011-06-07,1399818.0,467283.0,932535.0,,,,13257.0,-22602.0,87616.0,-99553.0,531860.0,925673.0,-393813.0
2011-06-14,1417959.0,468728.0,949231.0,,,,7860.0,-23234.0,106196.0,-90714.0,541088.0,904589.0,-363501.0
2011-06-21,1389527.0,475022.0,914505.0,,,,7095.0,-17595.0,68670.0,-64080.0,271504.0,751970.0,-480466.0
2011-06-28,1383825.0,447463.0,936362.0,,,,8069.0,-19398.0,128053.0,-94961.0,310949.0,719685.0,-408736.0
2011-07-05,1328909.0,402882.0,926027.0,,,,10202.0,-33555.0,128802.0,-52747.0,329216.0,728560.0,-399344.0
2011-07-12,1331879.0,503717.0,828162.0,,,,5572.0,-38836.0,158178.0,-46143.0,401528.0,714819.0,-313291.0
2011-07-19,1342120.0,493797.0,848323.0,,,,5638.0,-18102.0,211513.0,-80940.0,382409.0,715077.0,-332668.0
2011-07-26,1339680.0,436633.0,903047.0,,,,5261.0,-16122.0,167632.0,19830.0,371928.0,752763.0,-380835.0
2011-08-02,1339975.0,659101.0,680874.0,,,,5732.0,-11762.0,198399.0,-90942.0,505148.0,754635.0,-249487.0
2011-08-09,1379115.0,778862.0,600253.0,,,,1998.0,-1581.0,211118.0,-87318.0,793640.0,848941.0,-55301.0
2011-08-16,1421028.0,798603.0,622425.0,,,,826.0,6111.0,321544.0,-165514.0,713133.0,995757.0,-282624.0
2011-08-23,1442482.0,866697.0,575785.0,,,,3121.0,5836.0,355739.0,-126309.0,810037.0,1047600.0,-237563.0
2011-08-30,1496353.0,857273.0,639080.0,,,,3846.0,5105.0,303914.0,-89914.0,745575.0,1126519.0,-380944.0
2011-09-06,1480369.0,957406.0,522963.0,,,,3975.0,1602.0,269890.0,-61484.0,844234.0,1142001.0,-297767.0
2011-09-13,1437067.0,994722.0,442345.0,,,,3624.0,-5531.0,231447.0,-34302.0,887102.0,1139748.0,-252646.0
2011-09-20,1391271.0,866071.0,525200.0,,,,3761.0,3598.0,216673.0,830.0,235364.0,825180.0,-589816.0
2011-09-27,1339519.0,1012560.0,326959.0,,,,3463.0,2241.0,156086.0,-25485.0,412363.0,733219.0,-320856.0
2011-10-04,1314233.0,1120091.0,194142.0,,,,2701.0,5662.0,101408.0,-14481.0,451553.0,761764.0,-310211.0
2011-10-11,1333026.0,974217.0,358809.0,,,,3056.0,157.0,1847.0,70281.0,387311.0,768062.0,-380751.0
2011-10-18,1333114.0,916330.0,416784.0,,,,3182.0,-1685.0,31751.0,72517.0,351761.0,787868.0,-436107.0
2011-10-25,1301009.0,925493.0,375516.0,,,,3612.0,506.0,-13757.0,110132.0,398479.0,776268.0,-377789.0
2011-11-01,1206945.0,826217.0,380728.0,,,,4951.0,-3144.0,32273.0,40203.0,452661.0,715142.0,-262481.0
2011-11-08,1260175.0,804356.0,455819.0,,,,7774.0,-611.0,25123.0,60444.0,420161.0,750957.0,-330796.0
2011-11-15,1256850.0,861606.0,395244.0,,,,8486.0,-3585.0,71559.0,23431.0,458502.0,728350.0,-269848.0
2011-11-22,1274269.0,928585.0,345684.0,,,,8111.0,1618.0,51506.0,80875.0,488659.0,800358.0,-311699.0
2011-11-29,1284513.0,862010.0,422503.0,,,,7357.0,3116.0,14090.0,86776.0,476417.0,800246.0,-323829.0
2011-12-06,1268203.0,812672.0,455531.0,,,,8238.0,-4727.0,-20758.0,111875.0,526590.0,720510.0,-193920.0
2011-12-13,1268586.0,873954.0,394632.0,,,,9566.0,-7815.0,-13485.0,111224.0,559634.0,748621.0,-188987.0
2011-12-20,1260595.0,876829.0,383766.0,,,,7900.0,-9055.0,69217.0,61754.0,362391.0,655009.0,-292618.0
2011-12-27,1298131.0,839875.0,458256.0,,,,7009.0,-12921.0,108289.0,33607.0,352216.0,705306.0,-353090.0
2012-01-03,1269547.0,842533.0,427014.0,,,,6964.0,-15182.0,54911.0,95992.0,387404.0,719559.0,-332155.0
2012-01-10,1270209.0,837887.0,432322.0,,,,7517.0,-21801.0,23732.0,142133.0,385845.0,659674.0,-273829.0
2012-01-17,1300681.0,801012.0,499669.0,,,,6515.0,-25926.0,-1751.0,114165.0,392926.0,691835.0,-298909.0
2012-01-24,1327814.0,753991.0,573823.0,,,,7524.0,-33137.0,-107312.0,185598.0,406258.0,731534.0,-325276.0
2012-01-31,1331977.0,758566.0,573411.0,,,,9177.0,-41278.0,-19897.0,122244.0,465283.0,732309.0,-267026.0
2012-02-07,1363899.0,700409.0,663490.0,,,,10150.0,-49339.0,-112146.0,196399.0,439585.0,732396.0,-292811.0
2012-02-14,1420411.0,689818.0,730593.0,,,,11123.0,-59686.0,-122340.0,185108.0,420032.0,777578.0,-357546.0
2012-02-21,1437577.0,674784.0,762793.0,,,,14103.0,-59330.0,-167115.0,211327.0,447449.0,814558.0,-367109.0
2012-02-28,1463577.0,690130.0,773447.0,,,,22559.0,-75365.0,-107008.0,235605.0,460665.0,832386.0,-371721.0
2012-03-06,1436585.0,718255.0,718330.0,,,,26156.0,-90302.0,-114759.0,296050.0,486821.0,900694.0,-413873.0
2012-03-13,1493681.0,711488.0,782193.0,,,,33712.0,-94129.0,-34030.0,201140.0,524465.0,925081.0,-400616.0
2012-03-20,1422024.0,687373.0,734651.0,,,,35973.0,-111359.0,-117129.0,227168.0,381653.0,768533.0,-386880.0
2012-03-27,1449163.0,665017.0,784146.0,,,,24991.0,-94339.0,-52449.0,179179.0,373935.0,783647.0,-409712.0
2012-04-03,1393503.0,667791.0,725712.0,,,,29489.0,-90315.0,-16122.0,132642.0,424611.0,750632.0,-326021.0
2012-04-10,1368559.0,728489.0,640070.0,,,,33156.0,-98279.0,62874.0,86141.0,428693.0,789031.0,-360338.0
2012-04-17,1362425.0,721524.0,640901.0,,,,34683.0,-97815.0,122005.0,16740.0,435869.0,786641.0,-350772.0
2012-04-24,1337037.0,742148.0,594889.0,,,,31808.0,-99385.0,125923.0,88102.0,443242.0,789602.0,-346360.0
2012-05-01,1313118.0,688990.0,624128.0,,,,35982.0,-108320.0,102887.0,58410.0,503658.0,818518.0,-314860.0
2012-05-08,1312212.0,724406.0,587806.0,,,,34353.0,-102974.0,174121.0,24451.0,467894.0,878774.0,-410880.0
2012-05-15,1288403.0,776420.0,511983.0,,,,32711.0,-100154.0,158925.0,-60947.0,516223.0,869160.0,-352937.0
2012-05-22,1294156.0,777931.0,516225.0,,,,30355.0,-86780.0,206580.0,-47695.0,472946.0,946498.0,-473552.0
2012-05-29,1282719.0,782496.0,500223.0,,,,30596.0,-70465.0,277273.0,-93833.0,482005.0,968622.0,-486617.0
2012-06-05,1274343.0,856876.0,417467.0,,,,21529.0,-64277.0,183787.0,-64174.0,486819.0,942245.0,-455426.0
2012-06-12,1353832.0,782315.0,571517.0,,,,32080.0,-74639.0,174149.0,-118510.0,459156.0,1004581.0,-545425.0
2012-06-19,1317243.0,760650.0,556593.0,,,,38113.0,-82288.0,119163.0,-19265.0,290820.0,781426.0,-490606.0
2012-06-26,1335346.0,870782.0,464564.0,,,,33817.0,-80648.0,180754.0,-71235.0,358283.0,818852.0,-460569.0
2012-07-03,1320062.0,779639.0,540423.0,,,,35286.0,-83879.0,231144.0,-117898.0,364797.0,784427.0,-419630.0
2012-07-10,1328230.0,813822.0,514408.0,,,,33792.0,-87872.0,215154.0,-127881.0,374069.0,874279.0,-500210.0
2012-07-17,1314672.0,803793.0,510879.0,,,,31125.0,-88384.0,183967.0,-90560.0,354195.0,861700.0,-507505.0
2012-07-24,1313836.0,834470.0,479366.0,,,,31762.0,-102525.0,126048.0,-32299.0,375685.0,887639.0,-511954.0
2012-07-31,1290334.0,714285.0,576049.0,,,,33128.0,-93898.0,73601.0,57330.0,407933.0,837690.0,-429757.0
2012-08-07,1310416.0,706995.0,603421.0,,,,32410.0,-84141.0,12595.0,21305.0,418858.0,862982.0,-444124.0
2012-08-14,1369176.0,699606.0,669570.0,,,,32308.0,-97216.0,-64971.0,55369.0,427991.0,952778.0,-524787.0
2012-08-21,1376901.0,700922.0,675979.0,,,,35609.0,-102574.0,-176651.0,162202.0,457071.0,979268.0,-522197.0
2012-08-28,1414358.0,722637.0,691721.0,,,,33077.0,-119278.0,-240473.0,168411.0,487525.0,1031297.0,-543772.0
2012-09-04,1389176.0,724728.0,664448.0,,,,31152.0,-120814.0,-286877.0,226920.0,497607.0,1057857.0,-560250.0
2012-09-11,1386612.0,693441.0,693171.0,,,,28713.0,-124271.0,-360423.0,264259.0,526652.0,1068282.0,-541630.0
2012-09-18,1488042.0,670066.0,817976.0,,,,20252.0,-120390.0,-391169.0,244936.0,546870.0,1029082.0,-482212.0
2012-09-25,1465911.0,672004.0,793907.0,,,,26857.0,-126135.0,-367427.0,258952.0,482240.0,775094.0,-292854.0
2012-10-02,1503906.0,694976.0,808930.0,,,,25380.0,-123442.0,-369652.0,353442.0,524238.0,833643.0,-309405.0
2012-10-09,1487891.0,664661.0,823230.0,,,,22692.0,-114326.0,-398005.0,331975.0,503585.0,831364.0,-327779.0
2012-10-16,1494131.0,655067.0,839064.0,,,,18649.0,-109914.0,-409942.0,340027.0,517739.0,804904.0,-287165.0
2012-10-23,1529592.0,680485.0,849107.0,,,,20485.0,-114952.0,-436580.0,333453.0,523771.0,837029.0,-313258.0
2012-10-30,1550881.0,685175.0,865706.0,,,,18429.0,-100749.0,-340623.0,326835.0,519749.0,839086.0,-319337.0
2012-11-06,1466358.0,656908.0,809450.0,,,,16868.0,-102195.0,-292780.0,298423.0,543981.0,818013.0,-274032.0
2012-11-13,1359854.0,718871.0,640983.0,,,,16706.0,-93159.0,-285892.0,349449.0,646478.0,824998.0,-178520.0
2012-11-20,1366006.0,699098.0,666908.0,,,,15055.0,-82284.0,-333745.0,376458.0,587954.0,869919.0,-281965.0
2012-11-27,1389594.0,694928.0,694666.0,,,,13618.0,-102271.0,-326453.0,416201.0,594281.0,877149.0,-282868.0
2012-12-04,1353344.0,667979.0,685365.0,,,,10344.0,-109846.0,-354888.0,433857.0,622879.0,835126.0,-212247.0
2012-12-11,1333253.0,662931.0,670322.0,,,,11149.0,-106884.0,-374823.0,379489.0,672382.0,812334.0,-139952.0
2012-12-18,1363098.0,615315.0,747783.0,,,,6472.0,-91696.0,-383820.0,394332.0,679871.0,814632.0,-134761.0
2012-12-24,1427753.0,589283.0,838470.0,,,,13080.0,-94135.0,-416826.0,427911.0,408411.0,753720.0,-345309.0
2012-12-31,1394186.0,587493.0,806693.0,,,,13177.0,-85695.0,-440641.0,414651.0,442417.0,748685.0,-306268.0
2013-01-08,1433596.0,553339.0,880257.0,,,,18819.0,-110611.0,-439014.0,480209.0,437863.0,795634.0,-357771.0
2013-01-15,1440522.0,543243.0,897279.0,,,,22928.0,-111278.0,-443901.0,496425.0,431714.0,844804.0,-413090.0
2013-01-22,1485463.0,531003.0,954460.0,,,,25363.0,-108355.0,-394395.0,548641.0,488404.0,910013.0,-421609.0
2013-01-29,1545624.0,527961.0,1017663.0,,,,22764.0,-112996.0,-354932.0,474506.0,454759.0,911351.0,-456592.0
2013-02-05,1494436.0,556136.0,938300.0,,,,24812.0,-115127.0,-332127.0,464468.0,470803.0,878170.0,-407367.0
2013-02-12,1463970.0,553938.0,910032.0,,,,25055.0,-107704.0,-309891.0,447764.0,473602.0,906002.0,-432400.0
2013-02-19,1450599.0,551734.0,898865.0,,,,35096.0,-123734.0,-337852.0,445618.0,538702.0,924354.0,-385652.0
2013-02-26,1436779.0,581395.0,855384.0,,,,33411.0,-129336.0,-379617.0,552529.0,529422.0,912897.0,-383475.0
2013-03-05,1289261.0,541873.0,747388.0,,,,38399.0,-117009.0,-356005.0,562057.0,612160.0,916791.0,-304631.0
2013-03-12,1307495.0,530023.0,777472.0,,,,44425.0,-109156.0,-418442.0,540397.0,631205.0,959715.0,-328510.0
2013-03-19,1390430.0,540455.0,849975.0,,,,43363.0,-100884.0,-316047.0,502841.0,506631.0,828143.0,-321512.0
2013-03-26,1437341.0,528784.0,908557.0,,,,52105.0,-102425.0,-325897.0,556229.0,503432.0,871979.0,-368547.0
2013-04-02,1449993.0,526261.0,923732.0,,,,53522.0,-111525.0,-366964.0,603192.0,510897.0,902297.0,-391400.0
2013-04-09,1457231.0,575702.0,881529.0,,,,54306.0,-116645.0,-264614.0,555555.0,542489.0,873625.0,-331136.0
2013-04-16,1467930.0,533666.0,934264.0,,,,40811.0,-110304.0,-256160.0,560701.0,553239.0,882002.0,-328763.0
2013-04-23,1418364.0,543216.0,875148.0,,,,29627.0,-84802.0,-268417.0,565928.0,541964.0,881170.0,-339206.0
2013-04-30,1424237.0,524315.0,899922.0,,,,37964.0,-95454.0,-352249.0,576786.0,619861.0,892055.0,-272194.0
2013-05-07,1438419.0,516334.0,922085.0,,,,49077.0,-102443.0,-387418.0,610654.0,634830.0,952278.0,-317448.0
2013-05-14,1454321.0,493607.0,960714.0,,,,49846.0,-95111.0,-331669.0,566246.0,628229.0,1009990.0,-381761.0
2013-05-21,1534526.0,484029.0,1050497.0,,,,46417.0,-90672.0,-344783.0,564352.0,556447.0,990454.0,-434007.0
2013-05-28,1560238.0,487247.0,1072991.0,,,,45998.0,-91074.0,-311972.0,534831.0,542299.0,1001385.0,-459086.0
2013-06-04,1523901.0,518023.0,1005878.0,,,,33518.0,-101659.0,-235320.0,521041.0,552181.0,966205.0,-414024.0
2013-06-11,1504277.0,564691.0,939586.0,,,,26667.0,-91814.0,-261825.0,502110.0,518301.0,920976.0,-402675.0
2013-06-18,1512577.0,537360.0,975217.0,,,,25147.0,-64313.0,-241990.0,521053.0,496613.0,974240.0,-477627.0
2013-06-25,1320813.0,652266.0,668547.0,,,,21340.0,-49804.0,-287245.0,521516.0,452291.0,691189.0,-238898.0
2013-07-02,1268769.0,597541.0,671228.0,,,,26378.0,-64062.0,-217827.0,519029.0,493046.0,729018.0,-235972.0
2013-07-09,1310487.0,564527.0,745960.0,,,,32259.0,-75031.0,-238356.0,545477.0,482750.0,773317.0,-290567.0
2013-07-16,1331030.0,544407.0,786623.0,,,,33080.0,-83642.0,-209241.0,516214.0,496752.0,808545.0,-311793.0
2013-07-23,1368069.0,517924.0,850145.0,,,,32612.0,-107532.0,-181981.0,518387.0,500058.0,825097.0,-325039.0
2013-07-30,1377587.0,514013.0,863574.0,,,,31182.0,-114156.0,-261201.0,586730.0,523448.0,816102.0,-292654.0
2013-08-06,1368867.0,511183.0,857684.0,,,,30372.0,-146901.0,-302981.0,600623.0,480094.0,806961.0,-326867.0
2013-08-13,1348028.0,523267.0,824761.0,,,,28560.0,-168021.0,-406749.0,621131.0,481953.0,818942.0,-336989.0
2013-08-20,1303650.0,554018.0,749632.0,,,,26298.0,-166321.0,-401398.0,644856.0,493736.0,794775.0,-301039.0
2013-08-27,1271977.0,562171.0,709806.0,,,,26554.0,-158068.0,-215962.0,464605.0,535998.0,833694.0,-297696.0
2013-09-03,1245045.0,538739.0,706306.0,,,,22235.0,-151448.0,-157022.0,373901.0,561164.0,874630.0,-313466.0
2013-09-10,1248943.0,483147.0,765796.0,,,,27857.0,-148917.0,-149919.0,373115.0,552131.0,895934.0,-343803.0
2013-09-17,1270304.0,482837.0,787467.0,,,,28592.0,-150653.0,-110587.0,306710.0,588831.0,889937.0,-301106.0
2013-09-24,1227767.0,470480.0,757287.0,,,,34046.0,-130086.0,-105915.0,326764.0,430914.0,717646.0,-286732.0
2013-10-01,1181053.0,457618.0,723435.0,,,,23793.0,-120727.0,-137126.0,302100.0,450746.0,699597.0,-248851.0
2013-10-08,1173866.0,491598.0,682268.0,,,,24940.0,-106636.0,-74437.0,265547.0,510663.0,708625.0,-197962.0
2013-10-15,1168072.0,483840.0,684232.0,,,,18839.0,-96058.0,-38751.0,307641.0,530394.0,714083.0,-183689.0
2013-10-22,1220183.0,474821.0,745362.0,,,,24971.0,-66618.0,-52649.0,233849.0,563340.0,717566.0,-154226.0
2013-10-29,1263419.0,444183.0,819236.0,,,,35863.0,-80077.0,-71359.0,313988.0,564238.0,733867.0,-169629.0
2013-11-05,1238446.0,442099.0,796347.0,,,,43598.0,-83186.0,-96548.0,295979.0,604045.0,749336.0,-145291.0
2013-11-12,1234070.0,432708.0,801362.0,,,,43638.0,-81496.0,-73960.0,267964.0,614815.0,744366.0,-129551.0
2013-11-19,1235657.0,441636.0,794021.0,,,,45624.0,-85258.0,-136329.0,348549.0,612867.0,754914.0,-142047.0
2013-11-26,1228915.0,442665.0,786250.0,,,,39589.0,-90162.0,-115342.0,354289.0,620191.0,751708.0,-131517.0
2013-12-03,1198799.0,435472.0,763327.0,,,,33895.0,-91670.0,-41593.0,364613.0,645803.0,750461.0,-104658.0
2013-12-10,1223235.0,433406.0,789829.0,,,,35497.0,-98457.0,-155037.0,398464.0,607440.0,748668.0,-141228.0
2013-12-17,1230888.0,476882.0,754006.0,,,,28480.0,-101211.0,-188038.0,373650.0,660265.0,698476.0,-38211.0
2013-12-24,1302504.0,408159.0,894345.0,,,,24085.0,-74965.0,-265027.0,395266.0,504329.0,774351.0,-270022.0
2013-12-31,1309577.0,389137.0,920440.0,,,,26997.0,-74547.0,-233223.0,311094.0,519279.0,780883.0,-261604.0
2014-01-07,1315307.0,389102.0,926205.0,,,,23041.0,-76578.0,-237528.0,347719.0,512931.0,764062.0,-251131.0
2014-01-14,1349206.0,395064.0,954142.0,,,,25712.0,-91417.0,-259297.0,380945.0,543684.0,830570.0,-286886.0
2014-01-21,1341463.0,402426.0,939037.0,,,,30731.0,-87784.0,-323645.0,456588.0,517028.0,865161.0,-348133.0
2014-01-28,1263308.0,436765.0,826543.0,,,,21805.0,-88189.0,-401113.0,518113.0,557384.0,873135.0,-315751.0
2014-02-04,1226807.0,490647.0,736160.0,,,,22895.0,-78977.0,-227382.0,352885.0,599042.0,914463.0,-315421.0
2014-02-11,1285435.0,436064.0,849371.0,,,,13602.0,-45863.0,-209369.0,301724.0,551982.0,999244.0,-447262.0
2014-02-18,1287102.0,427487.0,859615.0,,,,8491.0,-23517.0,-274195.0,394656.0,556690.0,1020978.0,-464288.0
2014-02-25,1237923.0,455667.0,782256.0,,,,15516.0,-21310.0,-469474.0,477340.0,573234.0,1003564.0,-430330.0
2014-03-04,1260456.0,450879.0,809577.0,,,,17906.0,-29819.0,-394163.0,389364.0,601829.0,1051941.0,-450112.0
2014-03-11,1276794.0,437763.0,839031.0,,,,24503.0,-28517.0,-479189.0,451896.0,559171.0,1035810.0,-476639.0
2014-03-18,1301308.0,458725.0,842583.0,,,,26461.0,-18090.0,-443804.0,449565.0,632513.0,1037709.0,-405196.0
2014-03-25,1351769.0,376532.0,975237.0,,,,28633.0,-21717.0,-550286.0,479307.0,446653.0,875058.0,-428405.0
2014-04-01,1341138.0,368907.0,972231.0,,,,28625.0,-39499.0,-543626.0,554030.0,471774.0,846655.0,-374881.0
2014-04-08,1322107.0,391072.0,931035.0,,,,26379.0,-45167.0,-404475.0,517598.0,423830.0,823723.0,-399893.0
2014-04-15,1296443.0,410920.0,885523.0,,,,15923.0,-50140.0,-270740.0,374713.0,467503.0,843015.0,-375512.0
2014-04-22,1275479.0,384703.0,890776.0,,,,22189.0,-57106.0,-372396.0,403308.0,501410.0,844658.0,-343248.0
2014-04-29,1265628.0,378667.0,886961.0,,,,26569.0,-76022.0,-322889.0,437155.0,501794.0,837504.0,-335710.0
2014-05-06,1282981.0,391718.0,891263.0,,,,32063.0,-99631.0,-335940.0,474370.0,488370.0,872421.0,-384051.0
2014-05-13,1297456.0,379967.0,917489.0,,,,33612.0,-102819.0,-288909.0,469568.0,508172.0,899972.0,-391800.0
2014-05-20,1271398.0,385608.0,885790.0,,,,31076.0,-88427.0,-270669.0,418101.0,487688.0,926725.0,-439037.0
2014-05-27,1301021.0,382356.0,918665.0,,,,29588.0,-95412.0,-328083.0,496722.0,510091.0,914835.0,-404744.0
2014-06-03,1344724.0,381113.0,963611.0,,,,30665.0,-91965.0,-371460.0,455428.0,523101.0,940213.0,-417112.0
2014-06-10,1334860.0,364200.0,970660.0,,,,19304.0,-90743.0,-336032.0,430018.0,530797.0,985490.0,-454693.0
2014-06-17,1297706.0,374879.0,922827.0,,,,25170.0,-93828.0,-289100.0,371052.0,583446.0,1040648.0,-457202.0
2014-06-24,1355296.0,403350.0,951946.0,,,,29761.0,-101607.0,-288804.0,426363.0,418086.0,994539.0,-576453.0
2014-07-01,1350572.0,426478.0,924094.0,,,,21881.0,-101637.0,-205647.0,330640.0,459645.0,991794.0,-532149.0
2014-07-08,1342757.0,406324.0,936433.0,,,,19005.0,-99122.0,-175558.0,353200.0,442266.0,994698.0,-552432.0
2014-07-15,1341807.0,403634.0,938173.0,,,,12743.0,-83423.0,-147090.0,292552.0,470996.0,939589.0,-468593.0
2014-07-22,1341966.0,406484.0,935482.0,,,,12888.0,-70512.0,-178349.0,303081.0,496014.0,933760.0,-437746.0
2014-07-29,1349737.0,410104.0,939633.0,,,,13010.0,-80668.0,-108925.0,310746.0,479430.0,968927.0,-489497.0
2014-08-05,1273071.0,450407.0,822664.0,,,,9985.0,-54579.0,-91676.0,309218.0,548417.0,962171.0,-413754.0
2014-08-12,1288935.0,462840.0,826095.0,,,,-268.0,-7684.0,-73947.0,240581.0,523915.0,986809.0,-462894.0
2014-08-19,1317425.0,464094.0,853331.0,,,,4756.0,-6053.0,42814.0,134473.0,524561.0,993462.0,-468901.0
2014-08-26,1322772.0,464934.0,857838.0,,,,20432.0,-30297.0,87897.0,134799.0,517469.0,952373.0,-434904.0
2014-09-02,1309963.0,465769.0,844194.0,,,,23989.0,-35320.0,189529.0,24523.0,526007.0,963340.0,-437333.0
2014-09-09,1303723.0,476562.0,827161.0,,,,26619.0,-37775.0,117975.0,29331.0,549406.0,977513.0,-428107.0
2014-09-16,1303740.0,484859.0,818881.0,,,,20412.0,-48237.0,107159.0,-14658.0,582531.0,1049620.0,-467089.0
2014-09-23,1386756.0,463969.0,922787.0,,,,31190.0,-57104.0,106009.0,7834.0,451038.0,909420.0,-458382.0
2014-09-30,1352881.0,476107.0,876774.0,,,,7875.0,-36446.0,226163.0,-98076.0,473681.0,906028.0,-432347.0
2014-10-07,1291606.0,490526.0,801080.0,,,,11712.0,-25556.0,230861.0,-32516.0,525602.0,905870.0,-380268.0
2014-10-14,1282618.0,532029.0,750589.0,,,,14066.0,-2788.0,432089.0,-220410.0,548439.0,890818.0,-342379.0
2014-10-21,1299141.0,526142.0,772999.0,,,,-2359.0,49530.0,291873.0,-216835.0,448436.0,991619.0,-543183.0
2014-10-28,1322616.0,540770.0,781846.0,,,,-12105.0,58769.0,138781.0,-93681.0,479376.0,970197.0,-490821.0
2014-11-04,1299927.0,552977.0,746950.0,,,,6776.0,36694.0,182205.0,-193909.0,530110.0,842597.0,-312487.0
2014-11-11,1321920.0,540380.0,781540.0,,,,2915.0,40402.0,206091.0,-201710.0,554773.0,837438.0,-282665.0
2014-11-18,1379330.0,539515.0,839815.0,,,,24666.0,16395.0,199659.0,-233889.0,573195.0,835575.0,-262380.0
2014-11-25,1400287.0,544616.0,855671.0,,,,17077.0,808.0,197129.0,-214171.0,581613.0,847476.0,-265863.0
2014-12-02,1378844.0,541906.0,836938.0,,,,17019.0,-13698.0,135341.0,-234523.0,658053.0,862859.0,-204806.0
2014-12-09,1375726.0,545671.0,830055.0,,,,22652.0,-26537.0,105654.0,-159234.0,642024.0,785084.0,-143060.0
2014-12-16,1292526.0,596170.0,696356.0,,,,12587.0,-33974.0,133465.0,-145005.0,707002.0,723084.0,-16082.0
2014-12-23,1370315.0,482957.0,887358.0,,,,-13396.0,18501.0,-7740.0,-48749.0,534734.0,720658.0,-185924.0
2014-12-30,1378656.0,465347.0,913309.0,,,,-7544.0,10624.0,44927.0,-96226.0,538445.0,728081.0,-189636.0
2015-01-06,1324782.0,481802.0,842980.0,,,,3511.0,-1790.0,74036.0,-115934.0,581047.0,686216.0,-105169.0
2015-01-13,1341198.0,484711.0,856487.0,,,,8612.0,-17.0,85073.0,-125333.0,527316.0,702010.0,-174694.0
2015-01-20,1305638.0,492649.0,812989.0,,,,9089.0,12965.0,13084.0,-93566.0,499290.0,686843.0,-187553.0
2015-01-27,1325268.0,474620.0,850648.0,,,,8202.0,29680.0,-120345.0,-32746.0,483251.0,681386.0,-198135.0
2015-02-03,1306369.0,515806.0,790563.0,,,,4514.0,38191.0,-233089.0,-16636.0,493941.0,745059.0,-251118.0
2015-02-10,1300323.0,521101.0,779222.0,,,,13452.0,17461.0,-328939.0,110566.0,514128.0,775013.0,-260885.0
2015-02-17,1289483.0,488940.0,800543.0,,,,21467.0,12220.0,-298007.0,60185.0,500225.0,765675.0,-265450.0
2015-02-24,1316528.0,494220.0,822308.0,,,,29527.0,-5225.0,-83371.0,-44642.0,496486.0,780969.0,-284483.0
2015-03-03,1289425.0,517454.0,771971.0,,,,42718.0,-54448.0,18833.0,-145509.0,526372.0,811887.0,-285515.0
2015-03-10,1249496.0,576237.0,673259.0,,,,55391.0,-85018.0,28170.0,-182896.0,547967.0,895327.0,-347360.0
2015-03-17,1254989.0,597721.0,657268.0,,,,44793.0,-80635.0,32270.0,-189767.0,511369.0,842592.0,-331223.0
2015-03-24,1284145.0,521122.0,763023.0,,,,54406.0,-100907.0,48364.0,-187464.0,382354.0,752678.0,-370324.0
2015-03-31,1244945.0,518005.0,726940.0,,,,50439.0,-103121.0,22849.0,-182669.0,425456.0,776031.0,-350575.0
2015-04-07,1242310.0,517384.0,724926.0,,,,45189.0,-104688.0,65581.0,-248163.0,411325.0,755103.0,-343778.0
2015-04-14,1264626.0,517696.0,746930.0,,,,35316.0,-110692.0,44720.0,-210620.0,431488.0,748491.0,-317003.0
2015-04-21,1248487.0,537866.0,710621.0,,,,40893.0,-115097.0,165435.0,-324125.0,451535.0,726909.0,-275374.0
2015-04-28,1272620.0,539431.0,733189.0,,,,41843.0,-129008.0,115639.0,-316622.0,447341.0,731820.0,-284479.0
2015-05-05,1229592.0,516499.0,713093.0,,,,47682.0,-138290.0,157082.0,-356536.0,422587.0,770747.0,-348160.0
2015-05-12,1237641.0,528117.0,709524.0,,,,46984.0,-135671.0,112478.0,-218647.0,428068.0,729143.0,-301075.0
2015-05-19,1260746.0,511579.0,749167.0,,,,33106.0,-112531.0,84150.0,-268856.0,437340.0,711512.0,-274172.0
2015-05-26,1245080.0,520935.0,724145.0,,,,38334.0,-127448.0,152706.0,-291868.0,417023.0,752986.0,-335963.0
2015-06-02,1258847.0,538566.0,720281.0,,,,36683.0,-133045.0,193838.0,-290067.0,443017.0,741280.0,-298263.0
2015-06-09,1209468.0,563794.0,645674.0,,,,29328.0,-125593.0,150306.0,-139673.0,451318.0,807197.0,-355879.0
2015-06-16,1150918.0,559646.0,591272.0,,,,15924.0,-110624.0,247282.0,-274958.0,467464.0,812754.0,-345290.0
2015-06-23,1237200.0,485196.0,752004.0,,,,40901.0,-108392.0,225973.0,-241769.0,342256.0,812196.0,-469940.0
2015-06-30,1178706.0,519821.0,658885.0,,,,30828.0,-94047.0,277465.0,-282776.0,408673.0,832735.0,-424062.0
2015-07-07,1190322.0,531332.0,658990.0,,,,15891.0,-52293.0,308780.0,-345542.0,374412.0,824223.0,-449811.0
2015-07-14,1188726.0,523314.0,665412.0,,,,16352.0,-39637.0,321342.0,-335165.0,374328.0,780160.0,-405832.0
2015-07-21,1205332.0,507574.0,697758.0,,,,13535.0,-36508.0,320485.0,-312005.0,415523.0,788568.0,-373045.0
2015-07-28,1164534.0,539786.0,624748.0,,,,14077.0,-59677.0,337368.0,-261369.0,459825.0,778391.0,-318566.0
2015-08-04,1135574.0,543542.0,592032.0,,,,15965.0,-60556.0,536638.0,-421301.0,440861.0,790537.0,-349676.0
2015-08-11,1154164.0,558924.0,595240.0,,,,19106.0,-90072.0,504384.0,-367691.0,446474.0,825410.0,-378936.0
2015-08-18,1144190.0,568381.0,575809.0,,,,7494.0,-67091.0,491723.0,-426344.0,464642.0,820367.0,-355725.0
2015-08-25,1085613.0,745605.0,340008.0,,,,13608.0,-32260.0,433375.0,-390758.0,505566.0,761525.0,-255959.0
2015-09-01,1001778.0,787307.0,214471.0,,,,2851.0,15733.0,493966.0,-363431.0,460622.0,845419.0,-384797.0
2015-09-08,996867.0,829955.0,166912.0,,,,-4904.0,42662.0,504741.0,-396559.0,401426.0,870770.0,-469344.0
2015-09-15,1026253.0,839326.0,186927.0,,,,-10664.0,63753.0,566928.0,-415429.0,365093.0,890865.0,-525772.0
2015-09-22,977399.0,819451.0,157948.0,,,,-7154.0,48435.0,450378.0,-326337.0,391787.0,873278.0,-481491.0
2015-09-29,970069.0,808514.0,161555.0,,,,-6902.0,50663.0,542171.0,-361601.0,442754.0,901838.0,-459084.0
2015-10-06,1075361.0,743614.0,331747.0,,,,-8123.0,60892.0,545548.0,-384679.0,355250.0,959888.0,-604638.0
2015-10-13,1150677.0,715902.0,434775.0,,,,-1604.0,59346.0,500580.0,-383266.0,342571.0,968404.0,-625833.0
2015-10-20,1194864.0,716882.0,477982.0,,,,5601.0,45243.0,426025.0,-330460.0,315924.0,947265.0,-631341.0
2015-10-27,1229222.0,671867.0,557355.0,,,,7117.0,26686.0,243292.0,-199544.0,326542.0,876277.0,-549735.0
2015-11-03,1262995.0,662829.0,600166.0,,,,11772.0,18566.0,209024.0,-251285.0,331533.0,858985.0,-527452.0
2015-11-10,1199281.0,661746.0,537535.0,,,,15301.0,2374.0,101967.0,-164559.0,372148.0,911398.0,-539250.0
2015-11-17,1099102.0,670313.0,428789.0,,,,18879.0,-20858.0,141129.0,-247775.0,355877.0,853905.0,-498028.0
2015-11-24,1092601.0,672850.0,419751.0,,,,20067.0,-7632.0,210313.0,-267552.0,396855.0,769672.0,-372817.0
2015-12-01,1080511.0,658243.0,422268.0,,,,16740.0,-16460.0,284725.0,-280333.0,417509.0,757646.0,-340137.0
2015-12-08,1048969.0,642192.0,406777.0,,,,26129.0,-36418.0,242014.0,-222021.0,452484.0,736480.0,-283996.0
2015-12-15,1028223.0,692811.0,335412.0,,,,-722.0,-7411.0,221533.0,-227663.0,465308.0,679497.0,-214189.0
2015-12-22,1065870.0,727860.0,338010.0,,,,-4287.0,4763.0,178208.0,-195274.0,368001.0,636884.0,-268883.0
2015-12-29,1108270.0,696605.0,411665.0,,,,22286.0,-16652.0,215348.0,-199295.0,336708.0,623583.0,-286875.0
2016-01-05,1050217.0,761632.0,288585.0,,,,15328.0,-17907.0,288341.0,-240670.0,327433.0,630899.0,-303466.0
2016-01-12,1064281.0,866036.0,198245.0,,,,-5629.0,13919.0,391760.0,-243708.0,331859.0,597909.0,-266050.0
2016-01-19,1099697.0,914899.0,184798.0,,,,18060.0,7863.0,389217.0,-236243.0,312908.0,717902.0,-404994.0
2016-01-26,1119151.0,955121.0,164030.0,,,,24626.0,23434.0,381950.0,-216354.0,379786.0,732607.0,-352821.0
2016-02-02,1151031.0,927778.0,223253.0,,,,43227.0,7064.0,401722.0,-285524.0,346535.0,785889.0,-439354.0
2016-02-09,1161957.0,969362.0,192595.0,,,,37256.0,3051.0,422401.0,-314694.0,349098.0,728691.0,-379593.0
2016-02-16,1149008.0,949591.0,199417.0,,,,33545.0,15443.0,411086.0,-352784.0,375629.0,762342.0,-386713.0
2016-02-23,1164749.0,915350.0,249399.0,,,,51542.0,516.0,244094.0,-198055.0,361877.0,736813.0,-374936.0
2016-03-01,1126246.0,888063.0,238183.0,,,,56064.0,-2776.0,255777.0,-264283.0,372546.0,744497.0,-371951.0
2016-03-08,1136009.0,944938.0,191071.0,,,,69127.0,-28614.0,198011.0,-173898.0,388984.0,800675.0,-411691.0
2016-03-15,1173409.0,985615.0,187794.0,,,,57770.0,-30258.0,78732.0,-106366.0,413724.0,781769.0,-368045.0
2016-03-22,1211745.0,910591.0,301154.0,,,,61696.0,-83981.0,-21430.0,-20361.0,357231.0,710786.0,-353555.0
2016-03-29,1197153.0,936396.0,260757.0,,,,46724.0,-85764.0,61640.0,-91262.0,366032.0,723559.0,-357527.0
2016-04-05,1171061.0,922523.0,248538.0,,,,67019.0,-134770.0,83227.0,-214447.0,409021.0,722785.0,-313764.0
2016-04-12,1202755.0,916272.0,286483.0,,,,58978.0,-130686.0,42388.0,-133078.0,389679.0,702494.0,-312815.0
2016-04-19,1273535.0,855722.0,417813.0,,,,82963.0,-163532.0,-14814.0,-60985.0,426314.0,721470.0,-295156.0
2016-04-26,1292982.0,887658.0,405324.0,,,,71120.0,-172357.0,-83124.0,-8602.0,460023.0,682587.0,-222564.0
2016-05-03,1241490.0,887336.0,354154.0,,,,59096.0,-166946.0,-125520.0,24078.0,438428.0,663438.0,-225010.0
2016-05-10,1252219.0,855650.0,396569.0,,,,39356.0,-152417.0,-78985.0,13355.0,439320.0,698000.0,-258680.0
2016-05-17,1277085.0,872375.0,404710.0,,,,46551.0,-163776.0,7053.0,-64493.0,408081.0,725844.0,-317763.0
2016-05-24,1335003.0,893579.0,441424.0,,,,50079.0,-161658.0,2690.0,-55872.0,492436.0,816047.0,-323611.0
2016-05-31,1322372.0,884614.0,437758.0,,,,56176.0,-182227.0,-6181.0,-88966.0,485000.0,830759.0,-345759.0
2016-06-07,1347883.0,889739.0,458144.0,,,,53903.0,-182384.0,7394.0,-47057.0,472240.0,911975.0,-439735.0
2016-06-14,1281929.0,902563.0,379366.0,,,,50174.0,-158853.0,74072.0,-91201.0,486913.0,792889.0,-305976.0
2016-06-21,1319980.0,998668.0,321312.0,,,,62746.0,-123590.0,101510.0,-100964.0,352995.0,707445.0,-354450.0
2016-06-28,1242141.0,1041762.0,200379.0,,,,34490.0,-87005.0,23835.0,-80134.0,356011.0,769161.0,-413150.0
2016-07-05,1314906.0,1004936.0,309970.0,,,,87174.0,-121592.0,-114798.0,-1241.0,348891.0,807178.0,-458287.0
2016-07-12,1330373.0,987290.0,343083.0,,,,86501.0,-117292.0,-180492.0,26130.0,392771.0,751800.0,-359029.0
2016-07-19,1403669.0,966047.0,437622.0,,,,90706.0,-135849.0,-132898.0,-10385.0,414857.0,732760.0,-317903.0
2016-07-26,1393874.0,953881.0,439993.0,,,,82860.0,-165000.0,-130657.0,-25298.0,428160.0,742061.0,-313901.0
2016-08-02,1341125.0,927441.0,413684.0,,,,65054.0,-165838.0,-103460.0,-90949.0,438032.0,766646.0,-328614.0
2016-08-09,1378558.0,907496.0,471062.0,,,,54751.0,-164246.0,-189651.0,-20075.0,409893.0,739353.0,-329460.0
2016-08-16,1386641.0,922266.0,464375.0,,,,57363.0,-157136.0,-196904.0,-23448.0,424662.0,715790.0,-291128.0
2016-08-23,1394123.0,894491.0,499632.0,,,,72666.0,-186512.0,-193076.0,75872.0,469402.0,726478.0,-257076.0
2016-08-30,1390232.0,888075.0,502157.0,,,,71929.0,-190546.0,-155370.0,76457.0,473662.0,709629.0,-235967.0
2016-09-06,1399994.0,888269.0,511725.0,,,,62854.0,-195486.0,-160676.0,112828.0,462461.0,724466.0,-262005.0
2016-09-13,1326529.0,934677.0,391852.0,,,,41699.0,-155187.0,-105265.0,-38585.0,445245.0,716685.0,-271440.0
2016-09-20,1390389.0,942128.0,448261.0,,,,31886.0,-127953.0,-107134.0,-26033.0,342841.0,715881.0,-373040.0
2016-09-27,1391298.0,918950.0,472348.0,,,,61425.0,-162562.0,-65365.0,-47412.0,340017.0,759911.0,-419894.0
2016-10-04,1337470.0,915808.0,421662.0,,,,73299.0,-162214.0,-47681.0,-116807.0,365715.0,799891.0,-434176.0
2016-10-11,1320081.0,938514.0,381567.0,,,,71820.0,-159485.0,-73949.0,-106905.0,348414.0,802573.0,-454159.0
2016-10-18,1339697.0,982502.0,357195.0,,,,43241.0,-124389.0,3400.0,-106207.0,357307.0,744399.0,-387092.0
2016-10-25,1363112.0,993238.0,369874.0,,,,71867.0,-162825.0,121.0,-112519.0,385641.0,784393.0,-398752.0
2016-11-01,1264332.0,998857.0,265475.0,,,,59466.0,-153224.0,-24863.0,-72194.0,405631.0,705497.0,-299866.0
2016-11-08,1241028.0,1006885.0,234143.0,,,,39167.0,-109552.0,-2601.0,-85576.0,443107.0,641456.0,-198349.0
2016-11-15,1263626.0,976993.0,286633.0,,,,31335.0,-80462.0,-73963.0,118919.0,425277.0,656414.0,-231137.0
2016-11-22,1286784.0,994573.0,292211.0,,,,68572.0,-142725.0,-78380.0,183846.0,433704.0,689959.0,-256255.0
2016-11-29,1340206.0,1001802.0,338404.0,,,,73513.0,-151151.0,159414.0,-98713.0,425907.0,726701.0,-300794.0
2016-12-06,1251300.0,997382.0,253918.0,,,,61517.0,-145575.0,146452.0,-46644.0,413482.0,664019.0,-250537.0
2016-12-13,1301283.0,967475.0,333808.0,,,,64477.0,-145567.0,137930.0,-94817.0,437870.0,753534.0,-315664.0
2016-12-20,1385255.0,953663.0,431592.0,,,,27356.0,-114295.0,192014.0,-89995.0,336605.0,560455.0,-223850.0
2016-12-27,1357263.0,968995.0,388268.0,,,,47943.0,-127079.0,290341.0,-190823.0,361717.0,533532.0,-171815.0
2017-01-03,1371345.0,964200.0,407145.0,,,,40123.0,-124818.0,330047.0,-154072.0,414006.0,514564.0,-100558.0
2017-01-10,1410174.0,938655.0,471519.0,,,,38270.0,-134767.0,344184.0,-156646.0,392660.0,584724.0,-192064.0
2017-01-17,1412352.0,891138.0,521214.0,,,,11542.0,-115334.0,266753.0,-154303.0,360222.0,626621.0,-266399.0
2017-01-24,1400327.0,850553.0,549774.0,,,,21661.0,-129588.0,147234.0,-101666.0,386501.0,645891.0,-259390.0
2017-01-31,1409346.0,837355.0,571991.0,,,,8906.0,-125754.0,154221.0,-126480.0,392578.0,608843.0,-216265.0
2017-02-07,1420077.0,850569.0,569508.0,,,,238.0,-119991.0,211531.0,-139987.0,387751.0,627626.0,-239875.0
2017-02-14,1432733.0,833535.0,599198.0,,,,-25620.0,-96390.0,242306.0,-222240.0,403451.0,619395.0,-215944.0
2017-02-21,1455129.0,797186.0,657943.0,,,,28815.0,-129381.0,259267.0,-211621.0,433815.0,600641.0,-166826.0
2017-02-28,1448346.0,782750.0,665596.0,,,,25532.0,-137474.0,386212.0,-327035.0,455377.0,637972.0,-182595.0
2017-03-07,1411848.0,778633.0,633215.0,,,,33601.0,-140328.0,384842.0,-365650.0,500019.0,577725.0,-77706.0
2017-03-14,1471927.0,787365.0,684562.0,,,,33138.0,-136153.0,343623.0,-347032.0,495446.0,612138.0,-116692.0
2017-03-21,1481447.0,857543.0,623904.0,,,,17561.0,-130032.0,356931.0,-250379.0,365220.0,622153.0,-256933.0
2017-03-28,1485396.0,838911.0,646485.0,,,,3071.0,-107660.0,286295.0,-185056.0,393863.0,619748.0,-225885.0
2017-04-04,1464489.0,809083.0,655406.0,,,,5328.0,-101902.0,226655.0,-136322.0,384436.0,577060.0,-192624.0
2017-04-11,1460750.0,796732.0,664018.0,,,,24722.0,-116630.0,247929.0,-120485.0,409968.0,592727.0,-182759.0
2017-04-18,1446459.0,786704.0,659755.0,,,,-2904.0,-79917.0,299120.0,-170224.0,419900.0,617317.0,-197417.0
2017-04-25,1447409.0,706998.0,740411.0,,,,16330.0,-86334.0,285899.0,-127747.0,464726.0,667832.0,-203106.0
2017-05-02,1473758.0,711758.0,762000.0,,,,23035.0,-101231.0,279594.0,-163480.0,441613.0,651460.0,-209847.0
2017-05-09,1399337.0,756305.0,643032.0,,,,6371.0,-99059.0,219614.0,-92276.0,472038.0,666610.0,-194572.0
2017-05-16,1401366.0,778204.0,623162.0,,,,2429.0,-107019.0,195832.0,-75570.0,449085.0,672123.0,-223038.0
2017-05-23,1372854.0,751970.0,620884.0,,,,-10903.0,-75142.0,171590.0,-59471.0,490975.0,682968.0,-191993.0
2017-05-30,1393947.0,760441.0,633506.0,,,,7450.0,-106615.0,255435.0,-132826.0,516066.0,699518.0,-183452.0
2017-06-06,1352671.0,739556.0,613115.0,,,,19767.0,-130360.0,253649.0,-106919.0,523106.0,704706.0,-181600.0
2017-06-13,1361475.0,736480.0,624995.0,,,,10677.0,-116773.0,239290.0,-84859.0,515602.0,693695.0,-178093.0
2017-06-20,1484894.0,755200.0,729694.0,,,,10941.0,-120781.0,237436.0,-113469.0,316255.0,590150.0,-273895.0
2017-06-27,1439924.0,775516.0,664408.0,,,,23272.0,-113191.0,197980.0,-38379.0,353695.0,580645.0,-226950.0
2017-07-03,1423247.0,799946.0,623301.0,,,,13750.0,-100153.0,139344.0,3642.0,357279.0,488693.0,-131414.0
2017-07-11,1443361.0,754396.0,688965.0,,,,15415.0,-87845.0,148834.0,62483.0,363768.0,487101.0,-123333.0
2017-07-18,1468513.0,750761.0,717752.0,,,,28101.0,-105803.0,140163.0,-32640.0,395984.0,540516.0,-144532.0
2017-07-25,1537747.0,774285.0,763462.0,,,,24590.0,-123884.0,111044.0,-56636.0,409122.0,566693.0,-157571.0
2017-08-01,1577820.0,774525.0,803295.0,,,,13207.0,-122141.0,88009.0,-68133.0,390480.0,631687.0,-241207.0
2017-08-08,1625284.0,777211.0,848073.0,,,,19397.0,-129877.0,47796.0,-22293.0,374860.0,647671.0,-272811.0
2017-08-15,1587658.0,773027.0,814631.0,,,,-14027.0,-70482.0,74272.0,-22769.0,425515.0,579829.0,-154314.0
2017-08-22,1553045.0,773984.0,779061.0,,,,-17081.0,-55840.0,132171.0,1758.0,482024.0,593115.0,-111091.0
2017-08-29,1569763.0,792775.0,776988.0,,,,-11365.0,-69575.0,176860.0,-23675.0,510901.0,583587.0,-72686.0
2017-09-05,1546095.0,773377.0,772718.0,,,,7755.0,-92204.0,160013.0,-13915.0,466714.0,588868.0,-122154.0
2017-09-12,1620238.0,775357.0,844881.0,,,,11348.0,-87058.0,45181.0,15169.0,470110.0,615328.0,-145218.0
2017-09-19,1768637.0,760177.0,1008460.0,,,,8427.0,-96601.0,-32155.0,34927.0,346040.0,640438.0,-294398.0
2017-09-26,1704353.0,761279.0,943074.0,,,,-4430.0,-112199.0,-14885.0,24909.0,349817.0,633947.0,-284130.0
2017-10-03,1610282.0,763320.0,846962.0,,,,16093.0,-137404.0,92650.0,-7537.0,379126.0,592765.0,-213639.0
2017-10-10,1607874.0,756069.0,851805.0,,,,19405.0,-140071.0,117381.0,-10500.0,403234.0,591641.0,-188407.0
2017-10-17,1597042.0,765315.0,831727.0,,,,9386.0,-126303.0,209388.0,-144305.0,392709.0,578161.0,-185452.0
2017-10-24,1584279.0,755568.0,828711.0,,,,20476.0,-120809.0,197369.0,-75177.0,417701.0,581529.0,-163828.0
2017-10-31,1554545.0,747066.0,807479.0,,,,23385.0,-121283.0,223511.0,-97285.0,440191.0,560608.0,-120417.0
2017-11-07,1529460.0,752444.0,777016.0,,,,39849.0,-130029.0,259672.0,-88112.0,484670.0,640153.0,-155483.0
2017-11-14,1513847.0,732469.0,781378.0,,,,29860.0,-110356.0,219881.0,-149477.0,501755.0,619259.0,-117504.0
2017-11-21,1493678.0,731192.0,762486.0,,,,12130.0,-76477.0,341354.0,-286771.0,521968.0,630188.0,-108220.0
2017-11-28,1504354.0,734082.0,770272.0,,,,16954.0,-75646.0,368611.0,-282192.0,538959.0,656701.0,-117742.0
2017-12-05,1436275.0,714966.0,721309.0,,,,32158.0,-90161.0,391507.0,-383364.0,575487.0,644130.0,-68643.0
2017-12-12,1457650.0,724654.0,732996.0,,,,4374.0,-77050.0,342520.0,-361482.0,484531.0,644318.0,-159787.0
2017-12-19,1541503.0,737614.0,803889.0,,,,-17508.0,-60306.0,377798.0,-381326.0,402466.0,556510.0,-154044.0
2017-12-26,1539279.0,746682.0,792597.0,,,,-9574.0,-45939.0,361162.0,-413575.0,420751.0,570387.0,-149636.0
2018-01-02,1587828.0,734283.0,853545.0,,,,-14665.0,-47434.0,369013.0,-350278.0,348963.0,501994.0,-153031.0
2018-01-09,1722242.0,734827.0,987415.0,,,,1401.0,-58687.0,434019.0,-446064.0,357685.0,613902.0,-256217.0
2018-01-16,1736878.0,740830.0,996048.0,,,,-18340.0,-38675.0,351440.0,-260662.0,426192.0,610683.0,-184491.0
2018-01-23,1778863.0,725020.0,1053843.0,,,,-3336.0,-49964.0,411740.0,-215848.0,480173.0,604182.0,-124009.0
2018-01-30,1684703.0,694580.0,990123.0,,,,-6460.0,-28899.0,430926.0,-293206.0,509045.0,536961.0,-27916.0
2018-02-06,1609828.0,720194.0,889634.0,,,,63352.0,-4351.0,444786.0,-281788.0,557318.0,487639.0,69679.0
2018-02-13,1498752.0,722235.0,776517.0,,,,32476.0,-15129.0,441822.0,-310699.0,470038.0,489119.0,-19081.0
2018-02-20,1567355.0,696574.0,870781.0,,,,18623.0,-4453.0,492195.0,-228979.0,418900.0,535965.0,-117065.0
2018-02-27,1585511.0,677675.0,907836.0,,,,23189.0,-18532.0,650300.0,-405273.0,412143.0,539154.0,-127011.0
2018-03-06,1493745.0,692141.0,801604.0,,,,27805.0,3597.0,658205.0,-387261.0,444490.0,497652.0,-53162.0
2018-03-13,1506889.0,674349.0,832540.0,,,,25838.0,-11858.0,599019.0,-330052.0,460328.0,544039.0,-83711.0
2018-03-20,1405269.0,658049.0,747220.0,,,,36876.0,-6251.0,618708.0,-432700.0,333829.0,444749.0,-110920.0
2018-03-27,1255548.0,682507.0,573041.0,,,,54333.0,14552.0,640161.0,-397632.0,423760.0,403739.0,20021.0
2018-04-03,1234369.0,735246.0,499123.0,,,,51524.0,18844.0,753883.0,-588817.0,418351.0,422436.0,-4085.0
2018-04-10,1214577.0,654356.0,560221.0,,,,50137.0,13682.0,753567.0,-551267.0,396803.0,433942.0,-37139.0
2018-04-17,1303859.0,666036.0,637823.0,,,,42704.0,19434.0,766646.0,-591285.0,369858.0,429620.0,-59762.0
2018-04-24,1283288.0,666882.0,616406.0,,,,48757.0,-8742.0,784498.0,-661993.0,425049.0,443465.0,-18416.0
2018-05-01,1233427.0,725442.0,507985.0,,,,48864.0,-19095.0,806314.0,-648257.0,448920.0,365350.0,83570.0
2018-05-08,1222784.0,715674.0,507110.0,,,,42055.0,-32872.0,830143.0,-637798.0,396094.0,400886.0,-4792.0
2018-05-15,1235608.0,735250.0,500358.0,,,,39934.0,-44174.0,764769.0,-552548.0,401481.0,421080.0,-19599.0
2018-05-22,1264657.0,832685.0,431972.0,,,,18899.0,-33021.0,796531.0,-540267.0,406479.0,427893.0,-21414.0
2018-05-29,1242910.0,857380.0,385530.0,,,,26056.0,-44905.0,961081.0,-649333.0,405636.0,471071.0,-65435.0
2018-06-05,1269321.0,855048.0,414273.0,,,,28112.0,-54425.0,908844.0,-610775.0,360139.0,445781.0,-85642.0
2018-06-12,1351669.0,852426.0,499243.0,,,,13873.0,-41318.0,822459.0,-576062.0,371663.0,469107.0,-97444.0
2018-06-19,1449532.0,835902.0,613630.0,,,,6154.0,-44411.0,763859.0,-587479.0,314219.0,412618.0,-98399.0
2018-06-26,1368518.0,866717.0,501801.0,,,,30577.0,-49800.0,802618.0,-589640.0,335956.0,429691.0,-93735.0
2018-07-03,1353492.0,874842.0,478650.0,,,,44543.0,-41936.0,926112.0,-643280.0,306650.0,398174.0,-91524.0
2018-07-10,1385362.0,855232.0,530130.0,,,,51041.0,-72441.0,846272.0,-601858.0,310066.0,434216.0,-124150.0
2018-07-17,1383818.0,855920.0,527898.0,,,,43411.0,-69685.0,877314.0,-691901.0,321909.0,472027.0,-150118.0
2018-07-24,1367045.0,852329.0,514716.0,,,,48133.0,-95362.0,825422.0,-718962.0,337301.0,488085.0,-150784.0
2018-07-31,1343110.0,861946.0,481164.0,,,,54509.0,-108050.0,793008.0,-709756.0,333057.0,427497.0,-94440.0
2018-08-07,1373200.0,860077.0,513123.0,,,,52504.0,-110908.0,840147.0,-651340.0,339650.0,482248.0,-142598.0
2018-08-14,1340748.0,860389.0,480359.0,,,,58671.0,-127374.0,968307.0,-782923.0,344881.0,471792.0,-126911.0
2018-08-21,1356441.0,861797.0,494644.0,,,,47044.0,-113613.0,1061477.0,-857300.0,340436.0,506464.0,-166028.0
2018-08-28,1401508.0,816791.0,584717.0,,,,51846.0,-120164.0,902113.0,-663720.0,347694.0,519404.0,-171710.0
2018-09-04,1409846.0,774585.0,635261.0,,,,58561.0,-133060.0,971250.0,-888570.0,295334.0,523408.0,-228074.0
2018-09-11,1400952.0,745039.0,655913.0,,,,63267.0,-133852.0,946781.0,-935061.0,291099.0,513146.0,-222047.0
2018-09-18,1469812.0,749218.0,720594.0,,,,47472.0,-115132.0,990280.0,-1011166.0,243478.0,478012.0,-234534.0
2018-09-25,1539119.0,732786.0,806333.0,,,,26313.0,-122912.0,1069484.0,-947000.0,184271.0,431992.0,-247721.0
2018-10-02,1535399.0,732025.0,803374.0,,,,28292.0,-121076.0,1045407.0,-879238.0,198578.0,416117.0,-217539.0
2018-10-09,1450785.0,732574.0,718211.0,,,,42191.0,-122468.0,935325.0,-780551.0,224310.0,391052.0,-166742.0
2018-10-16,1306676.0,788562.0,518114.0,,,,65012.0,-96252.0,987547.0,-833471.0,304332.0,328781.0,-24449.0
2018-10-23,1233952.0,793784.0,440168.0,,,,73484.0,-92153.0,1016185.0,-850551.0,338497.0,400755.0,-62258.0
2018-10-30,1161987.0,802768.0,359219.0,,,,86476.0,-93268.0,1165476.0,-867930.0,381923.0,410941.0,-29018.0
2018-11-06,1209996.0,804548.0,405448.0,,,,86492.0,-85707.0,1124170.0,-944256.0,298629.0,406855.0,-108226.0
2018-11-13,1251085.0,775397.0,475688.0,,,,83237.0,-74824.0,1097824.0,-815407.0,285460.0,418415.0,-132955.0
2018-11-20,1227153.0,785100.0,442053.0,,,,77899.0,-54966.0,1163163.0,-913468.0,302245.0,378121.0,-75876.0
2018-11-27,1215873.0,769887.0,445986.0,,,,65880.0,-43055.0,1126123.0,-820110.0,328074.0,376861.0,-48787.0
2018-12-04,1213418.0,729758.0,483660.0,,,,62265.0,-44987.0,1163633.0,-826836.0,305182.0,417175.0,-111993.0
2018-12-11,1165132.0,785622.0,379510.0,,,,67420.0,-38575.0,1142556.0,-869102.0,359637.0,376565.0,-16928.0
2018-12-18,1161761.0,787759.0,374002.0,,,,62329.0,-21057.0,1211923.0,-935643.0,404687.0,356910.0,47777.0
2018-12-24,1275156.0,738849.0,536307.0,,,,61799.0,-22799.0,1150001.0,-860343.0,436477.0,287420.0,149057.0
2018-12-31,1307877.0,678486.0,629391.0,,,,66583.0,-16042.0,1242393.0,-809396.0,296016.0,285201.0,10815.0
2019-01-08,1317591.0,648060.0,669531.0,,,,69166.0,-22693.0,1169250.0,-844556.0,236322.0,292549.0,-56227.0
2019-01-15,1309964.0,648491.0,661473.0,,,,42589.0,-12559.0,1180967.0,-945857.0,219550.0,333977.0,-114427.0
2019-01-22,1284827.0,626521.0,658306.0,,,,58370.0,-38438.0,1041738.0,-840843.0,248348.0,390817.0,-142469.0
2019-01-29,1249671.0,605099.0,644572.0,,,,63918.0,-44060.0,1067692.0,-865637.0,282534.0,386884.0,-104350.0
2019-02-05,1227930.0,618568.0,609362.0,,,,37686.0,-36818.0,980559.0,-863806.0,237804.0,423181.0,-185377.0
2019-02-12,1223186.0,652067.0,571119.0,,,,-355.0,-19711.0,1013395.0,-954959.0,207255.0,385705.0,-178450.0
2019-02-19,1220037.0,663302.0,556735.0,,,,14725.0,-43323.0,1106790.0,-1008737.0,202578.0,398879.0,-196301.0
2019-02-26,1271900.0,622046.0,649854.0,,,,13620.0,-48524.0,1023312.0,-996878.0,205879.0,424348.0,-218469.0
2019-03-05,1267188.0,609774.0,657414.0,,,,9866.0,-49426.0,908952.0,-936878.0,231651.0,423779.0,-192128.0
2019-03-12,1280253.0,609343.0,670910.0,,,,17595.0,-54377.0,923104.0,-955434.0,215864.0,388143.0,-172279.0
2019-03-19,1377648.0,626463.0,751185.0,,,,10636.0,-72576.0,868381.0,-955402.0,196647.0,399911.0,-203264.0
2019-03-26,1344827.0,595376.0,749451.0,,,,29370.0,-69946.0,761664.0,-875669.0,220875.0,363443.0,-142568.0
2019-04-02,1360005.0,599532.0,760473.0,,,,23424.0,-88165.0,755786.0,-911120.0,213888.0,391808.0,-177920.0
2019-04-09,1360015.0,579678.0,780337.0,,,,33417.0,-106006.0,743630.0,-857647.0,223731.0,412101.0,-188370.0
2019-04-16,1398971.0,578645.0,820326.0,,,,14283.0,-104964.0,676213.0,-822801.0,237792.0,425806.0,-188014.0
2019-04-23,1396624.0,599768.0,796856.0,,,,17200.0,-107068.0,695057.0,-838926.0,277345.0,410109.0,-132764.0
2019-04-30,1396753.0,607834.0,788919.0,,,,22989.0,-109185.0,751439.0,-848871.0,261788.0,347531.0,-85743.0
2019-05-07,1363097.0,606365.0,756732.0,,,,46063.0,-110557.0,753177.0,-903585.0,267684.0,332686.0,-65002.0
2019-05-14,1328718.0,619585.0,709133.0,,,,81052.0,-102429.0,876695.0,-981831.0,260831.0,372226.0,-111395.0
2019-05-21,1325889.0,629536.0,696353.0,,,,52172.0,-83665.0,829344.0,-971182.0,250653.0,374269.0,-123616.0
2019-05-28,1327864.0,643359.0,684505.0,,,,60563.0,-98252.0,864334.0,-867663.0,275724.0,375607.0,-99883.0
2019-06-04,1349709.0,649626.0,700083.0,,,,76855.0,-99274.0,898330.0,-925517.0,309488.0,378037.0,-68549.0
2019-06-11,1422136.0,634425.0,787711.0,,,,61442.0,-81504.0,824143.0,-885600.0,225209.0,415710.0,-190501.0
2019-06-18,1426852.0,638227.0,788625.0,,,,36981.0,-63864.0,975115.0,-1027398.0,211185.0,432061.0,-220876.0
2019-06-25,1504974.0,594310.0,910664.0,,,,29834.0,-85442.0,817642.0,-847828.0,154791.0,402835.0,-248044.0
2019-07-02,1502007.0,601101.0,900906.0,,,,28105.0,-83084.0,885068.0,-835504.0,181371.0,430659.0,-249288.0
2019-07-09,1526024.0,618702.0,907322.0,,,,19875.0,-93551.0,881156.0,-879226.0,165988.0,439264.0,-273276.0
2019-07-16,1569319.0,611584.0,957735.0,,,,-4367.0,-75212.0,917825.0,-918392.0,175453.0,446425.0,-270972.0
2019-07-23,1522933.0,627966.0,894967.0,,,,7345.0,-98837.0,1081566.0,-1050886.0,188862.0,402643.0,-213781.0
2019-07-30,1514444.0,621668.0,892776.0,,,,7997.0,-110046.0,1141526.0,-1154799.0,183033.0,402720.0,-219687.0
2019-08-06,1456252.0,682183.0,774069.0,,,,55963.0,-120984.0,1079027.0,-1019233.0,176295.0,348678.0,-172383.0
2019-08-13,1418872.0,673362.0,745510.0,,,,70975.0,-125422.0,1101359.0,-1022756.0,125150.0,376611.0,-251461.0
2019-08-20,1396839.0,740261.0,656578.0,,,,60821.0,-106307.0,1083608.0,-962605.0,132157.0,341015.0,-208858.0
2019-08-27,1413221.0,711065.0,702156.0,,,,69600.0,-101006.0,865248.0,-877977.0,134708.0,373167.0,-238459.0
2019-09-03,1398710.0,695156.0,703554.0,,,,59853.0,-89668.0,968587.0,-928219.0,138775.0,413838.0,-275063.0
2019-09-10,1425285.0,663845.0,761440.0,,,,35174.0,-80572.0,839013.0,-893603.0,159922.0,446904.0,-286982.0
2019-09-17,1377429.0,663096.0,714333.0,,,,9843.0,-78727.0,685391.0,-658963.0,180831.0,422575.0,-241744.0
2019-09-24,1452385.0,637864.0,814521.0,,,,6721.0,-90925.0,757914.0,-743450.0,145953.0,340491.0,-194538.0
2019-10-01,1418996.0,652504.0,766492.0,,,,39352.0,-116813.0,806289.0,-737734.0,146148.0,311572.0,-165424.0
2019-10-08,1361850.0,656190.0,705660.0,,,,46308.0,-106635.0,855018.0,-848360.0,168068.0,297587.0,-129519.0
2019-10-15,1390991.0,632189.0,758802.0,,,,13758.0,-79162.0,830507.0,-894110.0,165985.0,363899.0,-197914.0
2019-10-22,1398083.0,615143.0,782940.0,,,,11122.0,-95075.0,816603.0,-869094.0,174099.0,388379.0,-214280.0
2019-10-29,1419546.0,583612.0,835934.0,,,,4004.0,-87780.0,1038402.0,-992310.0,182993.0,413741.0,-230748.0
2019-11-05,1421632.0,556650.0,864982.0,,,,8158.0,-105258.0,933541.0,-925514.0,185344.0,464135.0,-278791.0
2019-11-12,1448889.0,530818.0,918071.0,,,,5754.0,-115056.0,855136.0,-831308.0,183592.0,468230.0,-284638.0
2019-11-19,1440339.0,537669.0,902670.0,,,,-6977.0,-115739.0,956767.0,-880347.0,182996.0,473723.0,-290727.0
2019-11-26,1447559.0,546078.0,901481.0,,,,-6069.0,-100676.0,924969.0,-870917.0,206491.0,505108.0,-298617.0
2019-12-03,1423216.0,577580.0,845636.0,,,,12598.0,-112478.0,1023489.0,-940148.0,213452.0,441793.0,-228341.0
2019-12-10,1428639.0,537059.0,891580.0,,,,25235.0,-103648.0,899560.0,-856717.0,219011.0,450392.0,-231381.0
2019-12-17,1401876.0,527852.0,874024.0,,,,-5565.0,-75582.0,855638.0,-837645.0,302347.0,479155.0,-176808.0
2019-12-24,1542418.0,490988.0,1051430.0,,,,-10890.0,-65263.0,741995.0,-730198.0,262305.0,471911.0,-209606.0
2019-12-31,1518381.0,490510.0,1027871.0,,,,11854.0,-81459.0,806026.0,-657331.0,293349.0,482680.0,-189331.0
2020-01-07,1517347.0,485703.0,1031644.0,,,,12349.0,-80927.0,854931.0,-690258.0,306634.0,496926.0,-190292.0
2020-01-14,1564147.0,470129.0,1094018.0,,,,-11082.0,-65785.0,877055.0,-750822.0,263419.0,499376.0,-235957.0
2020-01-21,1581681.0,480609.0,1101072.0,,,,-21217.0,-54461.0,935456.0,-808145.0,277495.0,535211.0,-257716.0
2020-01-28,1539295.0,488504.0,1050791.0,,,,-5774.0,-71155.0,930739.0,-765286.0,274379.0,503260.0,-228881.0
2020-02-04,1517375.0,459615.0,1057760.0,,,,18313.0,-82627.0,860517.0,-817169.0,260162.0,479644.0,-219482.0
2020-02-11,1544700.0,442721.0,1101979.0,,,,233.0,-67567.0,766447.0,-794466.0,264185.0,547817.0,-283632.0
2020-02-18,1562309.0,438228.0,1124081.0,,,,-1964.0,-64921.0,722911.0,-724143.0,273619.0,515497.0,-241878.0
2020-02-25,1411587.0,525241.0,886346.0,,,,60270.0,-108521.0,748051.0,-695663.0,285840.0,409533.0,-123693.0
2020-03-03,1318103.0,661002.0,657101.0,,,,93458.0,-78467.0,819005.0,-747333.0,334113.0,465209.0,-131096.0
2020-03-10,1433750.0,884310.0,549440.0,,,,77889.0,-55184.0,813337.0,-696502.0,305518.0,491967.0,-186449.0
2020-03-17,1370154.0,1026196.0,343958.0,,,,77990.0,-42849.0,818642.0,-670966.0,400187.0,476113.0,-75926.0
2020-03-24,1441228.0,1099884.0,341344.0,,,,35492.0,-28731.0,822837.0,-690848.0,361870.0,365316.0,-3446.0
2020-03-31,1529456.0,1048017.0,481439.0,,,,37077.0,-49108.0,718264.0,-559605.0,354469.0,479889.0,-125420.0
2020-04-07,1486473.0,1032204.0,454269.0,,,,51923.0,-68358.0,600807.0,-514096.0,312571.0,485395.0,-172824.0
2020-04-14,1508605.0,924687.0,583918.0,,,,45180.0,-65307.0,551269.0,-517157.0,287721.0,569891.0,-282170.0
2020-04-21,1507159.0,943918.0,563241.0,,,,46117.0,-70791.0,493962.0,-507081.0,294012.0,535648.0,-241636.0
2020-04-28,1499016.0,907358.0,591658.0,,,,43840.0,-62288.0,432898.0,-501736.0,253125.0,582793.0,-329668.0
2020-05-05,1400529.0,908003.0,492526.0,,,,46439.0,-68840.0,493086.0,-608219.0,251820.0,553833.0,-302013.0
2020-05-12,1414353.0,893063.0,521290.0,,,,29849.0,-59303.0,538879.0,-644996.0,232814.0,562765.0,-329951.0
2020-05-19,1374697.0,893916.0,480781.0,,,,33654.0,-69217.0,646326.0,-677713.0,229026.0,589463.0,-360437.0
2020-05-26,1371252.0,827548.0,543704.0,,,,23489.0,-55675.0,597917.0,-590571.0,225742.0,643345.0,-417603.0
2020-06-02,1320597.0,800737.0,519860.0,,,,30075.0,-63382.0,708699.0,-699874.0,270802.0,663270.0,-392468.0
2020-06-09,1316286.0,725957.0,590329.0,,,,35573.0,-68079.0,558987.0,-530057.0,264043.0,681847.0,-417804.0
2020-06-16,1294196.0,777280.0,516916.0,,,,55576.0,-78478.0,567393.0,-561529.0,243226.0,695761.0,-452535.0
2020-06-23,1268366.0,819360.0,449006.0,,,,60595.0,-80198.0,528015.0,-496723.0,160539.0,512239.0,-351700.0
2020-06-30,1223366.0,827548.0,395818.0,,,,74127.0,-88055.0,510654.0,-503423.0,216237.0,488616.0,-272379.0
2020-07-07,1222614.0,787029.0,435585.0,,,,74854.0,-71885.0,486304.0,-479125.0,203666.0,493233.0,-289567.0
2020-07-14,1235179.0,744900.0,490279.0,,,,78954.0,-78612.0,416310.0,-461928.0,202015.0,519510.0,-317495.0
2020-07-21,1218305.0,717834.0,500471.0,,,,68502.0,-71253.0,353262.0,-460059.0,212907.0,528760.0,-315853.0
2020-07-28,1263948.0,719014.0,544934.0,,,,74602.0,-70226.0,310347.0,-462134.0,222251.0,486895.0,-264644.0
2020-08-04,1299522.0,687399.0,612123.0,,,,69398.0,-72534.0,296262.0,-414531.0,197891.0,546627.0,-348736.0
2020-08-11,1306921.0,636272.0,670649.0,,,,60312.0,-64505.0,255399.0,-469908.0,205671.0,568985.0,-363314.0
2020-08-18,1314513.0,635477.0,679036.0,,,,52219.0,-59072.0,224461.0,-397313.0,210803.0,556752.0,-345949.0
2020-08-25,1342049.0,628437.0,713612.0,,,,53182.0,-60774.0,213892.0,-309095.0,208466.0,578966.0,-370500.0
2020-09-01,1313111.0,626797.0,686314.0,,,,55700.0,-60436.0,215966.0,-308046.0,243353.0,585855.0,-342502.0
2020-09-08,1245754.0,632981.0,612773.0,,,,48776.0,-52939.0,253066.0,-361960.0,245682.0,492367.0,-246685.0
2020-09-15,1263830.0,639449.0,624381.0,,,,27781.0,-41589.0,276375.0,-376096.0,217721.0,472605.0,-254884.0
2020-09-22,1317683.0,660553.0,657130.0,,,,30484.0,-47730.0,204797.0,-315546.0,175699.0,338079.0,-162380.0
2020-09-29,1264926.0,673779.0,591147.0,,,,27610.0,-46398.0,251225.0,-299914.0,187153.0,349892.0,-162739.0
2020-10-06,1218974.0,631800.0,587174.0,,,,37121.0,-50197.0,187340.0,-310618.0,207968.0,381676.0,-173708.0
2020-10-13,1240089.0,574053.0,666036.0,,,,39818.0,-58578.0,221112.0,-275736.0,183408.0,427655.0,-244247.0
2020-10-20,1226270.0,593464.0,632806.0,,,,45217.0,-60682.0,201851.0,-280310.0,198620.0,389239.0,-190619.0
2020-10-27,1192114.0,587201.0,604913.0,,,,67542.0,-82826.0,224867.0,-252582.0,216641.0,373307.0,-156666.0
2020-11-03,1168391.0,612368.0,556023.0,,,,98750.0,-106146.0,201434.0,-247740.0,206359.0,368107.0,-161748.0
2020-11-10,1189251.0,554724.0,634527.0,,,,76643.0,-87091.0,133656.0,-83438.0,216135.0,376397.0,-160262.0
2020-11-17,1206610.0,551377.0,655233.0,,,,67778.0,-76481.0,164452.0,-56408.0,248976.0,395663.0,-146687.0
2020-11-24,1228469.0,538062.0,690407.0,,,,67215.0,-80733.0,209493.0,-141231.0,266062.0,435824.0,-169762.0
2020-12-01,1238745.0,535888.0,702857.0,,,,59867.0,-81481.0,188098.0,-160805.0,284173.0,437700.0,-153527.0
2020-12-08,1276667.0,524444.0,752223.0,,,,53847.0,-81766.0,228329.0,-201932.0,293328.0,462970.0,-169642.0
2020-12-15,1282792.0,533536.0,749256.0,,,,62514.0,-88890.0,149665.0,-158067.0,296704.0,426674.0,-129970.0
2020-12-21,1288749.0,535164.0,753585.0,,,,60958.0,-88339.0,183340.0,-157068.0,237456.0,386563.0,-149107.0
2020-12-29,1298684.0,526947.0,771737.0,,,,61662.0,-87193.0,196717.0,-235805.0,241881.0,412303.0,-170422.0
2021-01-05,1322332.0,535710.0,786622.0,,,,78350.0,-100987.0,196130.0,-263231.0,245863.0,426881.0,-181018.0
2021-01-12,1312800.0,500375.0,812425.0,,,,72836.0,-99369.0,-15273.0,-58239.0,258506.0,448414.0,-189908.0
2021-01-19,1343369.0,502797.0,840572.0,,,,82371.0,-101107.0,-760.0,53639.0,242735.0,443832.0,-201097.0
2021-01-26,1315434.0,478931.0,836503.0,,,,80379.0,-109171.0,62671.0,5271.0,243704.0,479657.0,-235953.0
2021-02-02,1249502.0,496886.0,752616.0,,,,87791.0,-105341.0,100465.0,124908.0,292211.0,482745.0,-190534.0
2021-02-09,1240845.0,439998.0,800847.0,,,,82151.0,-99314.0,44613.0,164089.0,274612.0,505404.0,-230792.0
2021-02-16,1254389.0,438037.0,816352.0,,,,94243.0,-115771.0,-7371.0,202739.0,266222.0,554525.0,-288303.0
2021-02-23,1256538.0,452333.0,804205.0,,,,99267.0,-130936.0,49105.0,109857.0,297495.0,508200.0,-210705.0
2021-03-02,1174255.0,469174.0,705081.0,,,,99636.0,-132446.0,-77496.0,347848.0,335891.0,474606.0,-138715.0
2021-03-09,1156115.0,490936.0,665179.0,,,,92864.0,-126409.0,-73547.0,363949.0,339896.0,441778.0,-101882.0
2021-03-16,1142219.0,475718.0,666501.0,,,,78521.0,-107804.0,-89475.0,344727.0,320554.0,464110.0,-143556.0
2021-03-23,1203859.0,467462.0,736397.0,,,,74611.0,-106207.0,-47346.0,317780.0,192804.0,394314.0,-201510.0
2021-03-30,1219957.0,450893.0,769064.0,,,,68048.0,-100068.0,116409.0,140543.0,212212.0,411336.0,-199124.0
2021-04-06,1249028.0,448369.0,800659.0,,,,53372.0,-90887.0,78034.0,254184.0,218144.0,473375.0,-255231.0
2021-04-13,1258255.0,438714.0,819541.0,,,,37475.0,-87644.0,155075.0,243311.0,228802.0,497708.0,-268906.0
2021-04-20,1274122.0,436408.0,837714.0,,,,27560.0,-77771.0,137100.0,324602.0,256439.0,504265.0,-247826.0
2021-04-27,1274414.0,431985.0,842429.0,,,,35437.0,-84157.0,180900.0,276271.0,279827.0,526946.0,-247119.0
2021-05-04,1305694.0,421614.0,884080.0,,,,38772.0,-90421.0,94716.0,447210.0,257981.0,515537.0,-257556.0
2021-05-11,1285071.0,420491.0,864580.0,,,,55372.0,-101123.0,5062.0,505176.0,257697.0,482204.0,-224507.0
2021-05-18,1259677.0,425601.0,834076.0,,,,51843.0,-83497.0,32643.0,397627.0,246059.0,449680.0,-203621.0
2021-05-25,1287071.0,437097.0,849974.0,,,,50631.0,-80740.0,-23651.0,511917.0,272273.0,454978.0,-182705.0
2021-06-01,1271270.0,413491.0,857779.0,,,,29169.0,-67531.0,-45524.0,565567.0,268600.0,475974.0,-207374.0
2021-06-08,1294141.0,422438.0,871703.0,,,,15081.0,-52749.0,15281.0,533663.0,263107.0,450630.0,-187523.0
2021-06-15,1362911.0,407605.0,955306.0,,,,19598.0,-54442.0,-1155.0,392568.0,246619.0,481488.0,-234869.0
2021-06-22,1378019.0,409803.0,968216.0,,,,19173.0,-55191.0,65134.0,394961.0,179131.0,350369.0,-171238.0
2021-06-29,1351124.0,384470.0,966654.0,,,,26290.0,-60964.0,71038.0,416732.0,198058.0,387468.0,-189410.0
2021-07-06,1358115.0,396744.0,961371.0,,,,24490.0,-61888.0,99833.0,452012.0,220190.0,400789.0,-180599.0
2021-07-13,1362434.0,394279.0,968155.0,,,,32953.0,-61056.0,124015.0,414906.0,204857.0,402191.0,-197334.0
2021-07-20,1359510.0,414934.0,944576.0,,,,45961.0,-72733.0,38084.0,453004.0,225371.0,402272.0,-176901.0
2021-07-27,1316776.0,401316.0,915460.0,,,,37328.0,-67003.0,-15589.0,379710.0,219666.0,422226.0,-202560.0
2021-08-03,1303027.0,399084.0,903943.0,,,,41581.0,-69207.0,20955.0,401122.0,244024.0,448067.0,-204043.0
2021-08-10,1298531.0,379006.0,919525.0,,,,24062.0,-56000.0,33749.0,303328.0,260306.0,464354.0,-204048.0
2021-08-17,1300871.0,395939.0,904932.0,,,,10388.0,-43765.0,91596.0,279538.0,266557.0,440831.0,-174274.0
2021-08-24,1283238.0,402455.0,880783.0,,,,18967.0,-51697.0,113736.0,213990.0,282755.0,460629.0,-177874.0
2021-08-31,1289604.0,382878.0,906726.0,,,,11610.0,-52804.0,131936.0,271755.0,253029.0,448469.0,-195440.0
2021-09-07,1289224.0,371919.0,917305.0,,,,17530.0,-57701.0,128117.0,207631.0,286800.0,446517.0,-159717.0
2021-09-14,1238104.0,374581.0,863523.0,,,,33228.0,-62808.0,60773.0,292810.0,281141.0,415947.0,-134806.0
2021-09-21,1240435.0,384361.0,856074.0,,,,56300.0,-75002.0,48581.0,355518.0,194699.0,320543.0,-125844.0
2021-09-28,1191633.0,373072.0,818561.0,,,,42336.0,-61193.0,-98909.0,443303.0,247202.0,290929.0,-43727.0
2021-10-05,1190268.0,395587.0,794681.0,,,,37818.0,-62893.0,-5278.0,537964.0,250996.0,293198.0,-42202.0
2021-10-12,1145000.0,407518.0,737482.0,,,,16771.0,-42905.0,-102909.0,607705.0,257068.0,278775.0,-21707.0
2021-10-19,1172961.0,385652.0,787309.0,,,,-89.0,-37415.0,-72851.0,501953.0,228208.0,322517.0,-94309.0
2021-10-26,1166126.0,366871.0,799255.0,,,,-3245.0,-39773.0,89247.0,324827.0,233968.0,304844.0,-70876.0
2021-11-02,1146988.0,384268.0,762720.0,,,,-13524.0,-35579.0,217511.0,242624.0,259326.0,297185.0,-37859.0
2021-11-09,1141080.0,388517.0,752563.0,,,,16650.0,-51872.0,231010.0,216100.0,266727.0,303703.0,-36976.0
2021-11-16,1150240.0,375607.0,774633.0,,,,26027.0,-57264.0,143979.0,293757.0,248795.0,292057.0,-43262.0
2021-11-23,1148213.0,377561.0,770652.0,,,,38550.0,-71862.0,135535.0,368084.0,258272.0,260805.0,-2533.0
2021-11-30,1110644.0,428935.0,681709.0,,,,62071.0,-85094.0,218550.0,242190.0,318071.0,259949.0,58122.0
2021-12-07,1084845.0,435905.0,648940.0,,,,63353.0,-76095.0,173878.0,196288.0,287566.0,270655.0,16911.0
2021-12-14,1052735.0,467989.0,584746.0,,,,46789.0,-57772.0,182301.0,175184.0,310403.0,265714.0,44689.0
2021-12-21,1088429.0,420111.0,668318.0,,,,39578.0,-54249.0,220317.0,111333.0,262131.0,272596.0,-10465.0
2021-12-28,1116367.0,380274.0,736093.0,,,,30261.0,-47769.0,214313.0,39178.0,255067.0,352334.0,-97267.0
2022-01-04,1114652.0,382967.0,731685.0,,,,18168.0,-48086.0,231711.0,74643.0,266454.0,365329.0,-98875.0
2022-01-11,1118110.0,388888.0,729222.0,,,,11383.0,-41035.0,247524.0,138569.0,254075.0,311842.0,-57767.0
2022-01-18,1102099.0,378578.0,723521.0,,,,18802.0,-44645.0,232578.0,232820.0,272641.0,285631.0,-12990.0
2022-01-25,1088298.0,440193.0,648105.0,,,,37482.0,-59027.0,214049.0,306376.0,353909.0,246760.0,107149.0
2022-02-01,1069891.0,435602.0,634289.0,,,,41045.0,-55751.0,245383.0,362574.0,298553.0,249724.0,48829.0
2022-02-08,,,,,,,26815.0,-45216.0,,,,,
2022-02-15,,,,,,,44020.0,-55758.0,,,,,
2022-02-22,,,,,,,57294.0,-59114.0,,,,,
2022-03-01,,,,,,,62635.0,-68004.0,,,,,
2022-03-08,,,,,,,53232.0,-61440.0,,,,,
2022-03-15,,,,,,,44970.0,-42998.0,,,,,
2022-03-22,,,,,,,32421.0,-41149.0,,,,,
2022-03-29,,,,,,,31920.0,-37618.0,,,,,
2022-04-05,,,,,,,29953.0,-45575.0,,,,,
2022-04-12,,,,,,,36953.0,-51331.0,,,,,
2022-04-19,,,,,,,29420.0,-49339.0,,,,,
2022-04-26,,,,,,,39166.0,-57307.0,,,,,
2022-05-03,,,,,,,53697.0,-65496.0,,,,,
2022-05-10,,,,,,,56930.0,-61800.0,,,,,
2022-05-17,,,,,,,33474.0,-44519.0,,,,,
2022-05-24,,,,,,,39122.0,-50499.0,,,,,
2022-05-31,,,,,,,42819.0,-45446.0,,,,,
2022-06-07,,,,,,,41977.0,-49171.0,,,,,
2022-06-14,,,,,,,59215.0,-68352.0,,,,,
2022-06-21,,,,,,,67724.0,-72843.0,,,,,
2022-06-28,,,,,,,71255.0,-75529.0,,,,,
2022-07-05,,,,,,,56926.0,-71895.0,,,,,
2022-07-12,,,,,,,52960.0,-63671.0,,,,,
2022-07-19,,,,,,,45347.0,-62155.0,,,,,
2022-07-26,,,,,,,54003.0,-67554.0,,,,,
2022-08-02,,,,,,,46594.0,-58745.0,,,,,
2022-08-09,,,,,,,47263.0,-60587.0,,,,,
2022-08-16,,,,,,,45750.0,-62547.0,,,,,
2022-08-23,,,,,,,48941.0,-67529.0,,,,,
2022-08-30,,,,,,,55253.0,-69389.0,,,,,
2022-09-06,,,,,,,41246.0,-57805.0,,,,,
2022-09-13,,,,,,,52073.0,-67176.0,,,,,
2022-09-20,,,,,,,41118.0,-58377.0,,,,,
2022-09-27,,,,,,,41887.0,-68517.0,,,,,
2022-10-04,,,,,,,43307.0,-63679.0,,,,,
2022-10-11,,,,,,,44553.0,-62064.0,,,,,
2022-10-18,,,,,,,40164.0,-57219.0,,,,,
2022-10-25,,,,,,,36421.0,-48839.0,,,,,
2022-11-01,,,,,,,12722.0,-27891.0,,,,,
2022-11-08,,,,,,,22684.0,-40755.0,,,,,
2022-11-15,,,,,,,32054.0,-49075.0,,,,,
2022-11-22,,,,,,,18830.0,-35278.0,,,,,
2022-11-29,,,,,,,31192.0,-42132.0,,,,,
2022-12-06,,,,,,,19317.0,-33467.0,,,,,
2022-12-13,,,,,,,14058.0,-24665.0,,,,,
2022-12-20,,,,,,,2120.0,-9971.0,,,,,
2022-12-27,,,,,,,-2872.0,-17887.0,,,,,
2023-01-03,,,,,,,-12383.0,-9178.0,,,,,
2023-01-10,,,,,,,9510.0,-30966.0,,,,,
2023-01-17,,,,,,,6686.0,-23330.0,,,,,
2023-01-24,,,,,,,1662.0,-21578.0,,,,,
2023-01-31,,,,,,,-1822.0,-19377.0,,,,,
2023-02-07,,,,,,,7592.0,-31412.0,,,,,
2023-02-14,,,,,,,8355.0,-30148.0,,,,,
2023-02-21,,,,,,,23795.0,-35250.0,,,,,
2023-02-28,,,,,,,16763.0,-34179.0,,,,,
2023-03-07,,,,,,,2914.0,-23584.0,,,,,
2023-03-14,,,,,,,5061.0,-32437.0,,,,,
2023-03-21,,,,,,,2148.0,-28249.0,,,,,
2023-03-28,,,,,,,1317.0,-15512.0,,,,,
2023-04-04,,,,,,,-9818.0,-9045.0,,,,,
2023-04-11,,,,,,,-7177.0,-6980.0,,,,,
2023-04-18,,,,,,,4838.0,-19197.0,,,,,
2023-04-25,,,,,,,18613.0,-42374.0,,,,,
2023-05-02,,,,,,,20564.0,-48189.0,,,,,
2023-05-09,,,,,,,20702.0,-35242.0,,,,,
2023-05-16,,,,,,,27668.0,-32445.0,,,,,
2023-05-23,,,,,,,23571.0,-38069.0,,,,,
2023-05-30,,,,,,,29572.0,-41390.0,,,,,
2023-06-06,,,,,,,12770.0,-31951.0,,,,,
2023-06-13,,,,,,,11461.0,-39573.0,,,,,
2023-06-20,,,,,,,3284.0,-32327.0,,,,,
2023-06-27,,,,,,,-5178.0,-32846.0,,,,,
2023-07-03,,,,,,,2795.0,-36666.0,,,,,
2023-07-11,,,,,,,20728.0,-50519.0,,,,,
2023-07-18,,,,,,,7202.0,-36615.0,,,,,
2023-07-25,,,,,,,15382.0,-39428.0,,,,,
2023-08-01,,,,,,,21810.0,-44969.0,,,,,
2023-08-08,,,,,,,22186.0,-40950.0,,,,,
2023-08-15,,,,,,,15745.0,-24699.0,,,,,
2023-08-22,,,,,,,23276.0,-33019.0,,,,,
2023-08-29,,,,,,,23719.0,-37800.0,,,,,
2023-09-05,,,,,,,10419.0,-29220.0,,,,,
2023-09-12,,,,,,,12222.0,-32116.0,,,,,
2023-09-19,,,,,,,7816.0,-28613.0,,,,,
2023-09-26,,,,,,,14585.0,-45421.0,,,,,
2023-10-03,,,,,,,22698.0,-42575.0,,,,,
2023-10-10,,,,,,,11854.0,-15872.0,,,,,
2023-10-17,,,,,,,6902.0,-8242.0,,,,,
2023-10-24,,,,,,,17731.0,-30762.0,,,,,
2023-10-31,,,,,,,23466.0,-27671.0,,,,,
2023-11-07,,,,,,,10077.0,-14011.0,,,,,
2023-11-14,,,,,,,7629.0,-7071.0,,,,,
2023-11-21,,,,,,,9501.0,-33122.0,,,,,
2023-11-28,,,,,,,464.0,-28300.0,,,,,
2023-12-05,,,,,,,-12688.0,-18875.0,,,,,
2023-12-12,,,,,,,-13859.0,-7912.0,,,,,
2023-12-19,,,,,,,-8583.0,-4451.0,,,,,
2023-12-26,,,,,,,-9725.0,-26892.0,,,,,
2024-01-02,,,,,,,-11543.0,-10094.0,,,,,
2024-01-09,,,,,,,1008.0,-17882.0,,,,,
2024-01-16,,,,,,,-1304.0,-14586.0,,,,,
2024-01-23,,,,,,,-12423.0,-9759.0,,,,,
2024-01-30,,,,,,,-6160.0,-18569.0,,,,,
2024-02-06,,,,,,,-10726.0,-9869.0,,,,,
2024-02-13,,,,,,,-5539.0,-21785.0,,,,,
2024-02-20,,,,,,,-3147.0,-18798.0,,,,,
2024-02-27,,,,,,,-8773.0,-20729.0,,,,,
2024-03-05,,,,,,,-7439.0,-18218.0,,,,,
2024-03-12,,,,,,,-15205.0,-18828.0,,,,,
2024-03-19,,,,,,,-18110.0,-7924.0,,,,,
2024-03-26,,,,,,,-17605.0,-2081.0,,,,,
2024-04-02,,,,,,,-10664.0,-10224.0,,,,,
2024-04-09,,,,,,,-2960.0,-19498.0,,,,,
2024-04-16,,,,,,,-11635.0,-19875.0,,,,,
2024-04-23,,,,,,,-5357.0,-15267.0,,,,,
2024-04-30,,,,,,,5295.0,-20230.0,,,,,
2024-05-07,,,,,,,-22859.0,-7891.0,,,,,
2024-05-14,,,,,,,-35732.0,3399.0,,,,,
2024-05-21,,,,,,,-36831.0,8668.0,,,,,
2024-05-28,,,,,,,-35415.0,4702.0,,,,,
2024-06-04,,,,,,,-33321.0,5941.0,,,,,
2024-06-11,,,,,,,-37193.0,1060.0,,,,,
2024-06-18,,,,,,,-36075.0,-7011.0,,,,,
2024-06-25,,,,,,,-48146.0,-6104.0,,,,,
2024-07-02,,,,,,,-64136.0,10227.0,,,,,
2024-07-09,,,,,,,-59405.0,3426.0,,,,,
2024-07-16,,,,,,,-49719.0,-5644.0,,,,,
2024-07-23,,,,,,,-30192.0,-35172.0,,,,,
2024-07-30,,,,,,,-19303.0,-48518.0,,,,,
2024-08-06,,,,,,,1938.0,-70543.0,,,,,
2024-08-13,,,,,,,-23577.0,-39743.0,,,,,
2024-08-20,,,,,,,-21551.0,-24802.0,,,,,
2024-08-27,,,,,,,-23808.0,-26899.0,,,,,
2024-09-03,,,,,,,-4751.0,-43830.0,,,,,
2024-09-10,,,,,,,3442.0,-44445.0,,,,,
2024-09-17,,,,,,,8914.0,-27219.0,,,,,
2024-09-24,,,,,,,4278.0,-5189.0,,,,,
2024-10-01,,,,,,,-5559.0,-7503.0,,,,,
2024-10-08,,,,,,,-4271.0,-23006.0,,,,,
2024-10-15,,,,,,,7287.0,-21808.0,,,,,
2024-10-22,,,,,,,13847.0,-21765.0,,,,,
2024-10-29,,,,,,,24210.0,-40620.0,,,,,
2024-11-05,,,,,,,36085.0,-57747.0,,,,,
2024-11-12,,,,,,,7248.0,-5708.0,,,,,
2024-11-19,,,,,,,4560.0,-10478.0,,,,,
2024-11-26,,,,,,,-7256.0,-6305.0,,,,,
2024-12-03,,,,,,,-18114.0,5001.0,,,,,
2024-12-10,,,,,,,-14904.0,144.0,,,,,
2024-12-17,,,,,,,-4500.0,-23294.0,,,,,
2024-12-24,,,,,,,-13262.0,4691.0,,,,,
2024-12-31,,,,,,,-1691.0,-15058.0,,,,,
2025-01-07,,,,,,,10.0,-22047.0,,,,,
2025-01-14,,,,,,,2099.0,-28497.0,,,,,
2025-01-21,,,,,,,6097.0,-35301.0,,,,,
2025-01-28,,,,,,,5236.0,-42020.0,,,,,
2025-02-04,,,,,,,-11103.0,-35779.0,,,,,
2025-02-11,,,,,,,-7972.0,-42016.0,,,,,
2025-02-18,,,,,,,2712.0,-40883.0,,,,,
2025-02-25,,,,,,,1788.0,-37475.0,,,,,
2025-03-04,,,,,,,5334.0,-40290.0,,,,,
2025-03-11,,,,,,,18350.0,-43354.0,,,,,
2025-03-18,,,,,,,25694.0,-28622.0,,,,,
2025-03-25,,,,,,,24692.0,-22040.0,,,,,
2025-04-01,,,,,,,11216.0,-28613.0,,,,,
2025-04-08,,,,,,,8876.0,-37538.0,,,,,
2025-04-15,,,,,,,17262.0,-26897.0,,,,,
2025-04-22,,,,,,,21485.0,-35799.0,,,,,
2025-04-29,,,,,,,20530.0,-9146.0,,,,,
2025-05-06,,,,,,,20237.0,-13805.0,,,,,
2025-05-13,,,,,,,11776.0,7769.0,,,,,
2025-05-20,,,,,,,9687.0,-6384.0,,,,,
2025-05-27,,,,,,,7139.0,-14608.0,,,,,
2025-06-03,,,,,,,9880.0,-24303.0,,,,,
2025-06-10,,,,,,,13985.0,-33148.0,,,,,
2025-06-17,,,,,,,14347.0,-41431.0,,,,,
2025-06-24,,,,,,,11104.0,-41222.0,,,,,
2025-07-01,,,,,,,23723.0,-58477.0,,,,,
2025-07-08,,,,,,,32365.0,-73177.0,,,,,
2025-07-15,,,,,,,21347.0,-62642.0,,,,,
2025-07-22,,,,,,,22800.0,-82126.0,,,,,
2025-07-29,,,,,,,23382.0,-75303.0,,,,,
2025-08-05,,,,,,,21969.0,-79580.0,,,,,
2025-08-12,,,,,,,25354.0,-80981.0,,,,,
2025-08-19,,,,,,,37030.0,-89052.0,,,,,
2025-08-26,,,,,,,29836.0,-105832.0,,,,,
2025-09-02,,,,,,,21255.0,-104072.0,,,,,
2025-09-09,,,,,,,2831.0,-85209.0,,,,,
2025-09-16,,,,,,,5006.0,-90630.0,,,,,
2025-09-23,,,,,,,7587.0,-92894.0,,,,,
2025-09-30,,,,,,,-1411.0,-81205.0,,,,,
2025-10-07,,,,,,,-10766.0,-94726.0,,,,,
2025-10-14,,,,,,,-4032.0,-75217.0,,,,,
2025-10-21,,,,,,,17501.0,-74618.0,,,,,
2025-10-28,,,,,,,4368.0,-67938.0,,,,,
2025-11-04,,,,,,,4134.0,-78126.0,,,,,
2025-11-10,,,,,,,9128.0,-68072.0,,,,,
2025-11-18,,,,,,,19955.0,-87297.0,,,,,
2025-11-25,,,,,,,21930.0,-55110.0,,,,,
2025-12-02,,,,,,,4873.0,-45960.0,,,,,
2025-12-09,,,,,,,-244.0,-43520.0,,,,,
2025-12-16,,,,,,,-9324.0,-25596.0,,,,,
2025-12-23,,,,,,,-28712.0,-25029.0,,,,,
2025-12-30,,,,,,,-36591.0,-26991.0,,,,,
